date_day,Acre,Afghanistan,Africa,Alabama,Alagoas,Alaska,Albania,Alberta,Algeria,Amapá,Amazonas,Andorra,Angola,Anguilla,Anhui,Antigua and Barbuda,Argentina,Arizona,Arkansas,Armenia,Artania Cruise,Aruba,Asia,Australia,Australian Capital Territory,Austria,Azerbaijan,Baden-Württemberg,Bahamas,Bahia,Bahrain,Bangladesh,Barbados,Bavaria,Beijing,Belarus,Belgium,Belize,Benin,Berlin,Bermuda,Bhutan,Bolivia,Bosnia and Herzegovina,Botswana,Brandenburg,Brazil,Bremen,British Columbia,British Virgin Islands,Brunei,Bulgaria,Burkina Faso,Burundi,Cabo Verde,California,Cambodia,Cameroon,Canada,CAR,Caribbean Netherlands,Cayman Islands,Ceará,Chad,Channel Islands,Chile,China,Chongqing,Colombia,Colorado,Congo,Connecticut,continent_name,Costa Rica,Croatia,Cuba,Curacao,Cyprus,Czechia,Delaware,Denmark,Diamond Princess,Djibouti,Dominica,Dominican Republic,DRC,Ecuador,Egypt,El Salvador,Equatorial Guinea,Eritrea,Espírito Santo,Estonia,Eswatini,Ethiopia,Europe,Faeroe Islands,Falkland Islands,Federal Bureau of Prisons,Federal District,Fiji,Finland,Florida,France,French Guiana,French Polynesia,From Diamond Princess cruise,From Grand Princess,Fujian,Gabon,Gambia,Gansu,Georgia,Germany,Ghana,Gibraltar,Goiás,Grand Princess,Greece,Greenland,Grenada,Guadeloupe,Guam,Guangdong,Guangxi,Guatemala,Guinea-Bissau,Guinea,Guizhou,Guyana,Hainan,Haiti,Hamburg,Hawaii,Hebei,Heilongjiang,Henan,Hesse,Honduras,Hong Kong,Hubei,Hunan,Hungary,Iceland,Idaho,Illinois,India,Indiana,Indonesia,Inner Mongolia,Iowa,Iran,Iraq,Ireland,Isle of Man,Israel,Italy,Ivory Coast,Jamaica,Japan,Jiangsu,Jiangxi,Jilin,Jordan,Kansas,Kazakhstan,Kentucky,Kenya,Kuwait,Kyrgyzstan,Laos,Latvia,Lebanon,Liaoning,Liberia,Libya,Liechtenstein,Lithuania,Louisiana,Lower Saxony,Luxembourg,Macau,Madagascar,Maine,Malawi,Malaysia,Maldives,Mali,Malta,Manitoba,Maranhão,Martinique,Maryland,Massachusetts,Mato Grosso do Sul,Mato Grosso,Mauritania,Mauritius,Mayotte,Mecklenburg-Vorpommern,Mexico,Michigan,Minas Gerais,Minnesota,Mississippi,Missouri,Moldova,Monaco,Mongolia,Montana,Montenegro,Montserrat,Morocco,Mozambique,MS Zaandam,Myanmar,Namibia,Navajo Nation,Nebraska,Nepal,Netherlands,Nevada,New Brunswick,New Caledonia,New Hampshire,New Jersey,New Mexico,New South Wales,New York,New Zealand,Newfoundland and Labrador,Nicaragua,Niger,Nigeria,Ningxia,North America,North Carolina,North Dakota,North Macedonia,North Rhine-Westphalia,Northern Mariana Islands,Northern Territory,Northwest Territories,Norway,Nova Scotia,Oceania,Ohio,Oklahoma,Oman,Ontario,Oregon,Pakistan,Palestine,Panama,Papua New Guinea,Paraguay,Paraná,Paraíba,Pará,Pennsylvania,Pernambuco,Peru,Philippines,Piauí,Poland,Portugal,Prince Edward Island,Puerto Rico,Qatar,Qinghai,Quebec,Queensland,Reunion,Rhineland-Palatinate,Rhode Island,Rio de Janeiro,Rio Grande do Norte,Rio Grande do Sul,Romania,Rondônia,Roraima,Russia,Rwanda,Saarland,Saint Kitts and Nevis,Saint Lucia,Saint Martin,Saint Pierre Miquelon,San Marino,Santa Catarina,Sao Tome and Principe,Saskatchewan,Saudi Arabia,Saxony-Anhalt,Saxony,Schleswig-Holstein,Senegal,Serbia,Sergipe,Seychelles,Shaanxi,Shandong,Shanghai,Shanxi,Sichuan,Sierra Leone,Singapore,Sint Maarten,Slovakia,Slovenia,Somalia,South Africa,South America,South Australia,South Carolina,South Dakota,South Korea,South Sudan,Spain,Sri Lanka,St. Barth,St. Vincent Grenadines,Sudan,Suriname,Sweden,Switzerland,Syria,São Paulo,Taiwan,Tanzania,Tasmania,Tennessee,Texas,Thailand,The World,Thuringia,Tianjin,Tibet,Timor-Leste,Tocantins,Togo,Trinidad and Tobago,Tunisia,Turkey,Turks and Caicos,U.S. Virgin Islands,Uganda,UK,Ukraine,United Arab Emirates,Uruguay,US Military,US Virgin Islands,US,Utah,Uzbekistan,Vatican City,Venezuela,Vermont,Veteran Affair,Victoria,Vietnam,Virginia,WA,Washington DC,West Virginia,Western Australia,Western Sahara,Wisconsin,World,Worldwide,Wyoming,Xinjiang,Yemen,Yokohama,Yukon,Yunnan,Zambia,Zhejiang,Zimbabwe
2020-01-21,0,0,1101,148,0,6,0,0,132,0,0,0,0,0,0,0,0,230,0,0,0.0,0,7117,0,0,0,39,0,0,0,1,0,0,0,0,0,0,0,0,0,0,0,0,0,0,0,843,0,0,0,0,12,0,0,5,300,0,0,1288,0,0,0,0,6,5,552,0,0,0,0,0,315,986.0,8,8,48,0,15,37,413,0,0,0,0,123,0,1018,260,0,57,0,0,0,6,0,8910,0,0,273,0,0,0,710,69,0,0,0.0,0.0,0,0,0,0,598,673,121,0,0,0,32,0,0,0,0,0,0,0,0,0,0,0,0,0,0,0,0,0,0,0,0,0,0,0,0,3,0,2217,1909,627,0,0,508,0,81,229,1,139,2091,0,0,0,0,0,0,0,104,45,0,11,0,0,0,0,0,0,8,0,0,0,218,0,12,0,0,17,0,0,5,16,0,0,0,0,626,1840,0,0,0,0,59,0,0,1051,0,370,248,102,157,0,0,2,0,0,6,0,0,3,0,0,149,0,171,71,0,0,0,2668,0,0,2915,0,0,0,0,0,0,23246,299,49,22,0,0,0,0,20,15,0,444,129,0,494,0,533,0,0,0,0,0,0,0,1489,0,0,0,0,129,295,0,11,677,0,778,0,0,0,219,0,0,0,0,0,0,0,0,0,0,0,0,0,15,0,0,1,1266,0,0,0,87,222,0,0,0,0,0,0,0,5,0,1,0,0,48,203,2413,0,0,0,0,28,0,27,0,0,43,0,695,0,0,0,0,0,0,142,900,0,63387.0,0,0,0,0,0,0,0,0,2392,0,0.0,0,3996,0,0,0,0,0,21778,109,0,1,0,7,113,0,0,801,28,102,2,0,0,208,1099080.0,42787,0,0,0,0,0,0,0,0,0
2020-01-22,0,125,1464,118,0,4,24,216,135,0,0,5,1,0,0,0,111,191,68,59,0.0,0,10814,11,0,83,33,0,0,0,163,549,1,0,0,919,647,0,0,0,1,0,64,20,0,0,4346,0,50,0,0,39,3,0,3,1480,0,84,1583,31,0,0,0,0,0,482,26,0,218,438,7,728,1074.0,2,9,20,0,5,41,128,153,0,12,0,158,12,521,248,22,0,0,0,13,6,2,17965,0,0,258,0,0,45,606,3742,13,1,0.0,-2.0,0,35,0,0,731,977,0,0,0,0,17,0,0,0,0,0,0,30,20,167,0,0,0,2,0,1,0,3,0,0,41,0,0,0,66,0,20,1982,1474,949,415,1,392,1112,27,386,0,123,1739,14,14,173,0,0,0,2,196,191,78,0,152,13,0,18,7,0,9,0,0,-105,295,0,6,0,4,8,2,31,31,19,8,2,0,0,906,1524,0,0,0,2,0,0,852,433,0,209,183,187,73,1,0,1,0,0,131,0,0,0,0,0,330,2,400,0,0,0,74,2150,99,5,4746,3,0,0,5,64,0,27359,441,75,13,0,0,0,0,72,27,14,353,27,82,402,43,751,0,242,0,2,0,0,0,1032,0,1182,181,0,328,163,0,18,0,0,874,0,1,0,269,0,0,0,277,0,0,6411,16,0,0,0,0,0,0,0,4,12,1289,0,0,0,65,233,0,0,20,0,2,0,0,6,528,0,3,6,44,247,6958,0,120,33,14,0,-4071,25,0,1,38,0,286,203,0,0,0,0,3,292,353,7,72607.0,0,0,0,0,0,1,0,18,2131,1,11.0,0,4309,401,1031,14,0,0,24389,113,52,0,4,4,456,2,0,568,418,51,22,1,0,170,0.0,64574,18,0,0,0,0,0,7,0,1
2020-01-23,0,172,1390,208,0,2,0,247,126,0,0,0,1,0,0,0,112,248,92,62,0.0,0,10610,9,0,49,0,0,2,0,59,497,0,0,0,826,553,0,10,0,0,0,84,49,0,0,3776,0,0,0,0,58,3,0,16,1094,0,103,1662,0,0,0,0,0,0,473,11,0,237,473,0,686,978.0,2,14,32,0,7,56,458,253,0,15,0,209,17,0,215,25,0,0,0,4,3,1,33348,0,0,71,0,0,119,693,612,0,0,0.0,7.0,0,0,0,0,259,1268,271,5,0,0,11,0,0,0,0,2,0,27,1,0,0,0,0,2,0,2,0,6,0,0,34,0,0,0,83,2,10,2126,1481,617,214,1,384,991,57,701,0,68,2324,39,45,210,0,0,1,3,142,139,171,20,213,13,0,6,3,0,4,0,1,11,261,0,12,0,1,25,0,40,37,19,2,4,0,0,815,1590,0,0,0,1,0,0,835,563,0,156,193,185,104,0,0,3,0,0,68,6,0,0,0,0,306,1,655,195,0,0,67,3515,66,2,6206,-1,1,1,12,91,0,30321,229,64,0,0,0,0,0,28,8,8,385,60,51,556,58,605,0,241,0,0,0,0,0,1011,0,2186,198,0,366,472,0,64,957,0,842,3,0,0,310,0,0,0,303,0,0,6198,8,0,0,0,0,0,0,0,0,4,1223,0,0,0,57,263,0,0,0,0,1,0,0,7,799,1,2,6,46,185,6880,0,245,65,10,0,12440,96,0,0,24,0,463,167,1,0,0,0,4,478,811,9,80436.0,0,0,0,0,0,2,1,10,2357,0,0.0,4,4463,392,0,10,0,2,27202,175,22,0,2,8,129,0,0,604,215,142,30,0,0,224,0.0,82557,11,0,0,0,0,0,4,0,0
2020-01-24,0,68,1272,187,0,0,14,216,129,0,0,7,0,0,0,0,173,241,99,69,0.0,0,13086,16,0,77,53,0,5,0,70,418,2,0,0,873,809,0,0,0,10,0,59,30,0,0,5281,0,95,1,0,56,0,0,2,1271,0,88,1452,3,0,0,0,6,2,552,0,0,261,712,0,647,821.0,6,7,52,0,6,79,134,235,0,9,0,177,26,0,227,24,44,0,0,8,16,1,27247,0,0,62,0,0,101,306,1660,0,0,-6.0,0.0,0,4,0,0,731,1459,0,3,0,0,16,0,3,0,0,0,0,43,0,42,0,1,0,0,0,3,0,0,0,0,36,0,0,0,57,1,17,2119,1966,714,275,0,647,1153,55,377,0,250,2357,34,17,402,0,0,0,3,176,127,128,7,183,17,0,8,3,0,3,0,0,12,372,0,16,0,1,25,1,38,40,45,0,4,0,5,1150,2379,0,0,0,0,47,0,970,574,0,261,284,147,194,0,1,1,2,0,158,5,0,2,0,0,298,2,655,141,0,0,77,3327,139,8,8176,9,1,1,3,87,0,34726,478,55,60,0,0,0,0,36,15,25,418,73,93,462,76,535,-142,200,0,5,0,0,0,1397,0,3683,285,0,328,595,0,31,929,0,651,4,5,0,430,0,0,0,401,0,0,6361,7,0,0,0,0,0,25,0,0,8,1197,0,0,0,0,296,0,0,0,0,0,0,0,4,931,0,6,8,62,141,10053,0,183,107,10,1,3995,51,0,0,39,0,610,0,0,0,0,0,1,461,515,15,94669.0,0,0,0,0,0,6,0,17,2861,0,0.0,0,4913,492,1068,33,0,1,31722,166,29,0,5,16,203,3,0,772,260,171,15,0,0,331,0.0,86409,18,0,0,0,0,0,0,0,2
2020-01-25,0,184,1604,194,0,2,34,297,120,0,0,8,0,0,0,0,172,273,211,81,0.0,0,12757,19,1,77,44,0,1,0,301,309,1,0,0,1568,1032,0,0,0,0,0,104,65,0,0,3813,0,29,0,0,63,13,0,6,1794,0,0,1620,0,0,4,0,0,2,494,15,0,320,978,14,836,893.0,1,28,50,2,9,85,134,0,0,13,0,206,22,11536,201,13,130,0,0,30,4,5,25380,0,1,8,0,0,80,885,1645,4,0,8.0,1.0,0,5,0,0,608,1747,125,0,0,0,27,0,0,0,2,0,0,46,2,92,0,3,0,0,0,5,0,2,0,0,29,2,0,0,60,0,34,2721,1028,642,396,3,521,1134,31,577,1,266,3021,73,31,461,0,0,1,4,238,191,298,16,493,9,0,20,8,0,0,1,0,16,401,0,30,0,0,28,0,51,21,16,1,1,0,0,879,4946,0,0,0,0,0,0,1239,1345,0,243,281,282,184,0,1,2,0,0,197,19,0,5,0,180,222,1,806,190,0,0,50,2171,142,12,8152,5,0,0,10,114,0,40422,470,39,26,0,0,0,0,62,23,24,475,104,115,482,50,1033,4,172,0,3,0,0,0,1829,0,734,102,0,308,444,0,-140,833,0,778,0,0,0,443,0,0,0,218,0,0,5966,22,0,0,0,0,0,12,0,0,10,1172,0,0,0,69,207,0,0,7,0,0,0,0,18,618,0,13,15,0,267,17197,0,153,84,10,0,0,47,0,0,0,0,812,217,0,0,1,15,2,462,992,53,88440.0,0,1,0,1,0,2,0,4,3122,0,3.0,1,5386,478,525,6,312,0,37007,170,58,0,7,2,255,3,2,596,293,167,29,1,0,304,0.0,97384,20,0,0,0,0,1,8,0,0
2020-01-26,0,53,1635,222,0,2,15,319,97,0,0,0,0,0,0,0,147,299,207,73,0.0,0,12197,17,1,69,30,0,2,0,190,503,0,0,0,741,1496,0,0,0,0,0,31,8,0,0,3882,0,29,0,0,90,7,0,9,1851,0,267,1636,2,0,0,0,7,23,516,6,0,205,387,0,631,679.0,5,31,46,0,5,52,108,137,0,12,0,243,17,333,232,11,0,0,0,13,5,1,28407,0,0,977,0,0,111,1062,-1694,0,0,0.0,1.0,0,1,0,0,781,2534,0,1,0,0,55,0,0,1,3,1,0,42,0,101,0,3,0,10,0,4,0,3,0,0,43,0,0,0,99,4,34,1828,1705,601,436,0,176,1168,46,936,0,290,2646,52,5,418,0,0,1,2,303,127,108,17,0,25,0,6,8,0,16,0,0,12,481,0,11,0,1,30,0,88,22,16,2,5,0,6,962,3079,0,0,0,2,28,0,1089,1330,0,220,259,200,148,0,1,3,3,0,155,5,0,12,0,-6,389,1,887,127,0,0,82,4111,169,6,7408,5,0,1,9,108,0,50614,275,30,0,0,14,0,0,63,55,22,577,123,74,350,68,642,0,174,0,7,0,0,0,2167,0,1664,211,0,413,371,0,38,761,0,873,0,2,0,415,0,0,0,321,0,0,5849,1,0,0,0,0,0,13,0,0,5,1158,0,0,0,66,162,0,0,0,0,1,0,0,3,897,0,35,7,42,318,6809,0,156,98,6,1,6740,39,0,1,12,0,751,181,0,0,1,0,2,424,876,15,80258.0,0,0,0,0,0,0,0,9,3116,0,1.0,11,4583,477,0,8,5901,0,47299,167,62,0,13,2,6273,6,0,732,149,155,18,2,0,207,0.0,99684,6,0,0,0,0,0,2,0,1
2020-01-27,0,83,1055,283,0,6,29,306,99,0,0,6,1,0,0,0,144,217,130,50,0.0,3,12915,8,0,77,38,0,5,0,54,414,1,0,0,0,908,0,0,0,1,1,63,45,2,0,2980,0,71,0,0,66,9,0,5,1865,0,0,2258,0,0,0,0,0,2,464,8,0,207,431,21,2109,635.0,12,42,52,0,6,95,269,161,0,29,0,256,18,452,169,13,1,0,0,33,0,0,27755,2,1,0,0,0,155,717,1827,10,0,0.0,1.0,0,10,0,0,936,2069,0,0,0,0,7,0,1,0,0,2,0,26,0,73,0,1,0,4,0,6,0,4,0,0,9,2,0,0,116,7,36,2050,1619,341,357,0,107,1030,29,631,0,266,3370,36,19,438,0,0,1,7,208,160,181,7,151,19,0,17,6,0,0,1,0,28,404,0,36,0,0,19,10,71,8,35,1,2,0,0,582,1745,0,0,0,1,15,0,1043,999,0,155,178,164,164,0,0,2,2,0,160,2,0,6,0,45,91,2,708,144,0,0,98,3527,138,5,5165,0,-1,0,5,91,0,32683,410,35,69,0,0,0,0,97,35,8,392,87,102,1000,57,764,6,171,0,0,0,0,0,873,0,1413,271,0,312,603,0,463,623,0,839,2,0,0,341,0,0,0,386,0,0,4774,3,0,0,0,0,0,12,0,0,6,1141,0,0,0,37,224,0,0,0,0,1,0,0,11,1037,5,81,13,0,170,5751,0,153,103,8,0,4635,13,0,0,22,0,682,228,0,0,1,0,0,448,799,13,86155.0,0,0,0,0,0,2,0,8,3083,0,0.0,2,4451,578,1001,6,0,1,28804,148,24,0,10,5,0,1,0,636,141,108,30,0,0,220,0.0,80167,6,0,0,0,0,0,0,0,0
2020-01-28,0,51,1420,249,0,8,25,187,93,0,0,0,0,0,0,1,113,188,291,72,0.0,0,13011,6,0,52,44,0,5,0,21,390,0,0,0,1017,933,0,0,0,12,0,11,26,0,0,2554,0,25,0,0,49,19,6,1,1979,0,0,1472,2,0,0,0,0,8,325,11,0,172,348,5,545,937.0,7,27,50,0,12,127,186,217,0,99,0,80,9,270,157,12,4,0,0,7,7,2,27953,0,0,0,0,0,115,811,2667,0,1,0.0,0.0,0,36,0,0,768,1639,112,0,0,0,156,0,0,0,0,0,0,22,0,66,0,0,0,1,0,2,0,8,0,0,16,4,0,0,70,5,30,1551,1520,409,283,0,482,1194,28,388,7,443,2729,37,10,377,0,0,0,3,145,80,142,15,168,22,0,13,5,0,2,8,0,20,331,0,60,0,0,13,6,50,4,12,1,1,0,1,509,1556,0,0,0,0,27,0,729,967,0,97,204,179,66,0,1,4,1,0,191,0,0,2,0,0,74,13,729,107,0,0,43,3581,101,2,5278,6,0,0,2,117,0,28861,156,17,0,0,0,0,0,85,16,13,806,127,106,432,46,533,13,163,1,5,0,0,0,1334,0,1512,111,0,297,516,0,-337,608,0,807,0,2,0,410,0,0,0,468,0,0,5236,3,0,0,0,1,0,14,0,0,4,1147,0,0,0,65,260,0,0,2,0,1,0,0,7,1016,1,45,18,49,165,4974,1,169,70,11,0,4211,12,0,1,33,0,545,324,3,0,1,30,3,156,888,15,74239.0,0,0,0,0,0,2,1,17,4611,0,0.0,5,4301,467,0,8,0,0,26276,84,35,0,3,2,0,0,0,640,238,171,25,0,0,84,0.0,76191,12,0,0,0,0,0,4,0,3
2020-01-29,0,66,1217,175,0,2,25,105,89,0,0,4,0,0,0,0,90,135,190,62,0.0,0,14002,26,0,78,38,0,0,0,57,434,0,0,0,1485,973,0,19,0,0,1,34,33,0,0,1670,0,52,0,0,51,5,0,6,2335,0,146,382,0,0,5,0,0,0,419,32,0,185,382,17,1853,760.0,2,10,52,0,5,127,207,180,0,0,0,284,23,660,189,7,0,0,0,17,2,3,27362,0,0,0,0,0,146,744,2489,0,1,1.0,0.0,0,11,0,0,1097,1322,0,0,0,0,10,0,0,0,0,1,0,5,0,43,0,1,0,10,0,4,0,8,0,0,17,4,0,0,114,2,64,1151,1043,477,375,0,257,1297,35,401,2,229,2256,32,27,338,0,0,2,8,124,210,90,11,85,22,0,9,0,0,8,0,0,24,595,0,8,0,0,8,0,57,30,22,12,0,0,0,837,1566,0,0,0,0,13,0,511,576,0,114,238,156,76,0,1,0,2,0,196,0,0,8,0,124,174,1,750,102,0,0,55,3505,126,6,4894,5,0,0,7,38,0,29789,374,42,6,0,0,0,0,53,0,31,1317,81,98,223,46,798,12,191,0,0,0,0,0,1103,0,697,140,0,284,657,0,39,518,0,0,5,0,0,384,0,0,0,306,0,0,5642,0,0,0,0,0,0,1,0,0,0,1122,0,0,0,0,312,0,0,21,0,0,0,0,8,1111,0,38,0,73,142,3793,2,62,50,9,0,3968,6,0,0,15,0,392,0,0,0,3,84,5,168,677,19,70180.0,0,0,0,1,0,0,0,5,4674,0,1.0,1,4676,415,974,7,0,0,28296,144,75,1,29,3,0,7,0,448,538,134,18,1,0,195,0.0,77706,116,0,0,0,2,0,9,0,0
2020-01-30,0,33,1229,180,0,5,22,241,95,0,0,9,0,0,0,0,102,209,4,48,0.0,1,12550,13,1,114,25,0,5,0,122,492,0,0,0,0,1487,0,0,0,0,0,44,24,0,0,2219,0,0,1,0,31,11,0,0,719,0,0,3165,0,2,0,0,0,4,358,12,0,171,290,0,412,661.0,5,39,49,0,6,130,0,273,0,114,0,345,0,446,112,17,0,0,0,7,0,3,26855,0,0,0,0,1,85,822,1101,1,0,0.0,-1.0,0,1,1,0,460,1964,208,0,0,0,0,0,0,0,0,1,0,32,4,61,0,2,0,3,0,6,0,7,0,0,5,0,0,0,68,11,4,1196,1250,570,185,1,389,1294,26,493,1,292,3047,46,23,501,0,0,0,4,87,96,253,8,80,14,0,12,4,0,15,2,2,28,348,0,13,0,1,20,0,36,1,8,4,1,0,0,521,1705,0,0,0,3,17,0,764,633,0,143,300,211,121,0,1,7,3,0,170,4,0,4,0,70,187,0,1066,84,0,0,50,3702,47,6,5847,9,0,1,9,85,0,29169,229,57,18,0,0,0,0,34,72,23,1380,29,144,1050,66,425,18,194,0,2,0,0,0,1107,0,1208,200,0,371,0,0,95,567,0,1798,0,1,0,215,0,0,0,190,0,0,4268,3,0,1,0,0,0,0,0,0,3,1088,0,0,0,27,324,0,0,0,0,3,0,0,5,1426,3,0,5,29,124,4595,0,129,93,13,0,4266,47,0,0,26,0,563,540,1,0,2,23,5,308,505,27,84963.0,0,0,0,3,0,0,0,13,3977,0,0.0,0,5850,261,0,11,0,0,24555,136,87,0,29,10,0,1,0,489,-116,127,64,0,0,147,0.0,72909,4,0,0,0,0,0,0,0,0
2020-01-31,0,60,1205,151,0,5,14,165,116,0,0,8,5,0,0,0,81,213,82,43,0.0,0,12624,41,0,10,33,0,1,0,6,312,0,0,0,0,1313,0,0,0,3,0,27,17,5,0,2704,0,29,0,2,19,8,0,5,1387,0,0,1529,0,0,0,0,0,14,478,16,0,182,393,0,741,733.0,6,18,63,0,11,104,215,169,0,0,0,209,20,572,188,11,0,4,0,16,3,3,32468,1,0,0,0,0,102,733,3824,0,0,1.0,0.0,0,0,0,0,409,2382,193,0,0,0,11,0,0,3,0,1,0,22,0,41,0,0,0,0,0,21,0,6,0,0,15,2,0,0,82,6,13,1584,1940,487,327,0,180,1343,31,778,1,255,3491,59,10,509,0,0,2,6,112,70,185,16,164,48,0,15,1,0,0,0,0,59,462,0,57,0,3,20,0,84,19,26,1,3,0,5,754,1970,0,0,0,1,9,0,622,768,0,143,181,150,87,0,1,4,3,0,150,1,0,13,0,85,149,1,1140,120,1,0,55,3132,87,21,7175,9,1,0,12,49,0,31160,178,89,90,0,0,0,0,77,43,50,1115,105,86,557,59,512,13,63,0,4,0,0,0,1764,0,931,172,0,519,521,0,50,440,0,723,5,5,0,314,0,0,0,328,0,0,6060,1,0,0,0,0,0,26,0,0,6,1132,0,0,0,0,304,0,0,0,0,7,0,0,4,596,7,72,26,19,251,4988,0,162,131,8,0,4218,8,0,0,0,0,606,0,0,0,22,0,5,173,827,32,101093.0,0,0,0,1,0,1,0,2,3783,0,0.0,0,5525,343,479,9,0,2,28591,123,45,0,0,24,0,9,0,562,357,190,50,1,0,146,0.0,82495,4,0,0,0,1,0,4,0,1
2020-02-01,0,27,1322,168,0,9,9,239,150,0,0,14,0,0,0,0,89,270,75,47,0.0,1,12154,42,0,144,57,0,1,0,67,306,0,0,0,0,1045,0,0,0,0,0,28,69,0,0,3330,0,43,0,0,40,11,0,0,1268,0,21,1884,0,0,0,0,6,13,445,27,0,206,372,26,925,720.0,7,23,61,0,15,116,248,0,0,141,0,371,20,225,171,13,28,0,0,53,3,9,33153,0,0,0,0,0,192,1419,1909,0,0,0.0,0.0,1,13,0,0,1064,3176,0,0,0,0,17,0,0,0,1,2,0,21,3,39,0,6,0,1,0,12,0,20,0,0,15,2,0,0,71,15,46,1844,930,605,325,0,192,1374,48,709,7,252,3493,54,20,556,0,0,0,5,125,111,87,0,93,17,0,30,4,0,3,0,0,90,586,0,36,0,6,31,1,54,4,19,4,0,0,0,788,2221,0,0,0,0,0,0,578,760,0,158,169,207,110,1,0,7,2,0,142,3,0,9,0,0,72,14,1235,203,0,0,76,3150,114,10,11704,13,4,0,18,51,0,38540,530,46,36,0,0,0,0,87,27,55,693,108,111,628,49,456,16,194,0,3,0,0,0,1717,0,998,209,0,349,663,0,25,345,0,941,7,8,0,339,0,0,0,351,0,0,4785,5,0,0,0,2,0,9,0,0,2,762,0,0,0,8,372,0,0,0,0,0,0,1,11,942,0,40,0,36,178,5359,0,155,100,18,0,6778,10,0,0,34,0,676,326,5,0,3,53,5,326,815,33,78449.0,0,3,0,0,0,0,0,42,4353,0,1.0,0,5599,444,477,6,0,0,35371,121,70,0,23,11,0,17,0,602,422,126,37,3,0,164,0.0,90583,9,0,0,0,0,0,9,0,0
2020-02-02,0,66,1302,163,0,7,21,288,108,0,0,9,0,0,0,0,98,273,21,42,0.0,2,13245,55,0,115,30,0,0,0,2,266,0,0,0,575,1329,0,0,0,2,0,24,32,0,0,1876,0,14,1,0,42,4,0,0,1059,0,148,2720,0,0,1,0,0,10,534,26,0,128,395,0,1129,742.0,16,50,48,0,20,134,61,194,0,156,0,141,20,367,168,13,0,0,0,25,0,4,39689,0,0,0,0,0,120,821,12416,10,0,0.0,0.0,1,15,0,0,1101,3468,0,1,0,0,15,0,0,0,0,6,0,18,0,34,0,2,0,2,0,11,0,11,0,0,16,4,0,0,111,12,101,1140,1039,589,407,0,146,1499,19,724,6,264,3786,34,18,605,0,0,0,1,91,118,144,21,134,23,0,7,5,1,14,1,0,21,581,0,71,0,0,26,0,69,5,23,10,4,0,0,752,2263,0,0,0,0,28,0,450,1204,0,103,264,235,105,0,0,11,13,0,277,2,0,0,0,121,114,0,1061,107,0,0,72,4287,113,29,8859,8,5,0,25,35,0,35594,244,28,107,0,0,0,0,107,30,68,620,94,50,1381,73,520,28,265,5,25,0,0,0,1510,0,1016,218,0,443,931,0,69,560,0,997,6,3,0,309,0,0,0,360,0,0,4070,2,0,0,0,0,0,33,0,0,1,518,0,0,0,28,445,0,0,0,3,0,3,0,2,1351,4,72,36,0,99,4096,1,275,143,22,0,2132,0,0,0,0,0,613,719,0,0,0,6,12,-25,974,28,77821.0,0,1,0,0,0,2,0,42,4801,1,0.0,0,4617,501,460,9,0,0,31876,141,31,0,7,9,0,1,0,389,314,153,16,6,0,168,0.0,93994,8,0,0,0,0,0,0,0,1
2020-02-03,0,56,1074,288,0,8,24,0,90,0,0,14,0,0,0,0,128,159,101,48,0.0,1,12322,20,0,122,56,0,4,0,170,341,2,0,3,476,1236,0,0,0,24,0,44,57,2,0,3257,0,44,0,0,48,14,0,45,1319,0,0,1190,1,0,6,0,4,7,356,371,0,126,330,43,766,937.0,8,37,48,0,20,152,88,198,0,72,0,328,26,255,155,5,10,0,0,34,1,7,29377,0,0,0,0,1,132,891,3391,0,0,0.0,0.0,0,0,0,0,689,2543,5,2,0,0,22,0,0,0,0,5,0,16,0,41,0,8,0,1,0,13,1,20,0,0,7,1,325,0,73,7,39,1345,901,433,380,3,96,1606,15,1068,27,391,2667,16,20,526,0,0,0,4,85,72,81,9,119,17,0,9,5,0,0,13,0,37,433,0,66,0,3,36,0,110,2,4,13,0,0,0,560,1754,0,0,0,0,0,0,448,1058,0,114,273,220,115,0,1,5,2,0,263,1,0,11,0,83,51,0,734,70,1,0,48,2206,77,11,11455,15,3,0,14,34,0,32352,254,24,66,0,0,0,0,112,32,36,509,79,109,494,30,517,66,177,0,13,0,0,0,1213,0,1172,207,0,363,0,1,51,392,0,612,2,0,0,278,0,0,0,491,0,0,3448,2,0,0,0,3,0,21,0,0,3,493,0,0,0,15,408,0,0,0,0,6,8,0,2,447,1,114,20,20,91,5360,1,103,180,22,0,5183,5,0,0,0,0,482,336,4,0,0,29,1,461,946,29,73927.0,0,0,0,10,0,4,1,33,4281,0,0.0,0,4603,397,432,1,0,0,30062,131,74,0,0,-24,0,2,1,318,-5,139,29,3,0,166,0.0,80521,6,0,0,0,0,0,0,0,5
2020-02-04,0,70,978,150,0,8,19,138,87,0,0,13,0,0,0,0,166,104,23,44,0.0,0,10747,48,0,155,49,0,0,0,6,219,1,0,1,447,2454,0,0,0,0,0,43,27,0,0,2035,0,27,0,0,40,13,0,1,1407,0,0,1383,0,0,0,0,0,4,392,45,0,127,254,14,608,666.0,6,54,40,0,33,92,165,185,0,65,0,119,6,74,160,10,20,1,0,27,0,3,33893,0,6,0,0,0,76,609,5955,0,0,3.0,0.0,0,23,0,0,957,2138,70,0,0,0,25,0,0,0,2,2,0,13,5,44,0,0,0,0,0,13,0,22,0,0,12,4,0,0,67,9,5,1223,1014,159,297,0,189,1512,22,832,14,332,2972,12,32,455,0,0,2,6,50,111,162,8,50,19,0,9,17,0,0,9,0,21,502,0,15,0,0,36,0,85,1,21,6,0,0,1,536,1297,0,0,0,0,10,0,385,1366,0,45,145,253,87,0,0,5,10,0,150,7,0,12,0,25,48,0,868,115,0,0,71,4240,62,16,7231,20,0,0,22,30,0,28730,163,10,0,0,0,0,0,81,43,68,310,115,97,483,49,272,0,102,0,2,0,0,0,1255,0,519,230,0,359,1157,0,20,283,0,691,1,0,0,275,0,0,0,337,0,0,3388,7,0,2,0,0,0,1,0,0,1,435,0,0,0,8,411,0,0,0,0,4,13,0,0,334,0,28,28,0,143,3381,0,114,120,27,0,5092,14,0,0,3,0,497,216,4,0,2,10,18,217,838,30,64648.0,0,0,0,2,0,0,0,21,4062,0,0.0,1,5252,392,412,9,0,0,26624,54,162,0,8,35,0,8,1,435,251,103,61,5,0,127,0.0,77797,7,0,0,0,0,0,3,1,1
2020-02-05,0,49,821,220,0,5,8,84,69,0,0,8,0,0,0,0,69,163,195,28,0.0,0,11776,41,0,151,50,0,2,0,174,209,1,0,0,362,530,4,0,0,0,0,24,53,0,0,1405,0,45,0,0,19,18,0,0,1061,0,28,1300,0,0,1,0,5,5,312,90,0,76,389,0,1346,576.0,17,50,57,0,29,68,136,322,0,84,0,200,0,63,125,12,0,0,0,41,1,8,25530,0,0,0,0,0,97,1124,3665,0,2,0.0,21.0,1,0,0,0,1071,2218,0,0,0,0,31,0,0,2,0,9,0,12,0,69,0,2,0,7,0,5,0,79,0,0,10,3,0,0,54,10,38,1173,1301,440,282,0,123,1574,26,992,10,633,3153,52,1,275,0,0,0,2,54,200,30,11,55,11,0,4,9,0,9,1,0,8,421,0,11,0,2,65,3,170,0,18,9,4,0,0,711,1392,0,0,0,0,11,0,353,997,0,29,161,259,185,0,13,7,5,0,92,0,0,21,0,115,39,2,964,193,2,0,35,2734,100,7,5858,17,2,0,19,20,0,27275,405,23,54,0,0,0,0,80,29,58,371,99,86,421,57,342,18,72,0,12,0,0,0,1339,0,2265,291,0,375,0,0,6,197,0,711,11,2,0,311,0,0,0,246,0,0,2774,1,0,0,0,0,0,15,0,0,2,472,0,0,0,0,424,0,0,0,0,0,0,0,1,386,2,66,8,35,99,4241,2,119,138,27,0,3045,5,0,0,10,0,465,304,0,0,0,3,7,102,619,34,56783.0,0,1,0,2,0,1,0,19,4093,1,0.0,0,4342,270,398,3,0,0,25221,60,217,0,8,21,0,10,1,473,195,80,22,4,0,87,0.0,69701,5,0,0,0,0,0,2,0,3
2020-02-06,0,58,893,321,0,15,21,81,89,0,0,37,0,0,0,2,66,149,52,26,0.0,0,11648,46,1,39,40,0,1,0,324,182,3,0,0,341,942,1,0,0,7,0,30,44,0,0,1354,0,0,0,0,7,13,0,2,895,0,0,1064,3,0,0,0,7,24,286,108,0,67,414,0,525,573.0,18,66,49,0,17,86,146,178,0,27,0,208,1,209,126,12,0,0,0,23,0,3,27158,0,0,0,0,0,90,909,2455,0,2,0.0,0.0,0,8,0,0,289,2402,158,0,0,0,33,0,0,0,0,3,0,2,0,0,0,0,0,0,0,13,0,56,0,0,4,5,0,0,48,12,19,1672,736,493,316,35,77,1617,34,727,6,357,4092,41,3,622,0,0,1,8,62,82,178,6,66,42,0,2,2,0,2,0,0,9,581,0,11,0,4,17,1,134,0,18,6,-1,0,2,531,2615,0,0,0,5,0,0,442,645,0,194,139,111,102,1,1,10,6,2,129,0,0,3,0,101,110,2,1174,89,2,0,56,3699,71,9,8463,19,1,0,38,5,0,29678,201,15,26,0,0,0,0,66,17,65,354,102,128,401,80,204,22,166,0,13,0,0,0,1055,0,671,284,0,318,947,0,109,252,0,554,4,1,0,316,0,0,0,333,0,0,2558,6,0,0,0,0,0,0,0,0,9,429,0,0,0,11,250,0,0,0,0,11,1,0,0,233,0,27,7,4,145,2683,2,109,104,25,0,3477,11,0,0,0,0,332,203,0,0,5,14,11,376,532,28,64187.0,0,1,0,2,0,0,1,22,4789,0,0.0,1,5288,325,387,-21,0,0,27691,96,63,0,6,16,0,13,7,197,114,97,20,6,0,128,0.0,72125,9,0,0,0,0,0,3,0,0
2020-02-07,0,52,679,254,0,11,13,67,64,0,0,0,0,0,0,0,167,281,26,46,0.0,6,13787,21,-1,201,67,0,4,0,8,139,1,0,0,352,1629,3,0,0,2,0,32,69,0,0,1021,0,35,0,0,21,36,2,1,1008,2,0,1168,0,1,8,0,0,9,426,82,0,236,380,0,972,559.0,19,39,56,0,21,170,153,177,0,37,0,139,11,96,145,7,3,0,0,5,2,2,31944,0,0,0,0,0,69,1018,4251,3,0,0.0,0.0,1,5,5,0,402,3281,30,2,0,0,70,0,0,0,3,4,0,16,0,38,0,5,0,2,0,21,0,23,0,0,1,4,0,0,100,14,11,1277,904,528,399,0,122,3494,39,839,25,373,4694,53,4,743,1,0,1,9,97,38,147,2,80,38,1,21,11,0,11,1,0,27,761,0,47,0,9,30,3,153,1,0,8,13,0,0,726,1886,0,0,0,1,5,0,375,1210,0,91,173,204,122,2,0,12,5,0,90,1,0,10,0,0,57,3,1316,144,0,0,44,3563,83,7,7336,18,2,2,53,13,0,30507,311,15,117,0,0,0,0,99,21,39,372,74,53,411,76,278,0,260,0,1,0,0,0,1534,0,951,220,0,268,515,0,63,251,0,615,9,6,0,334,0,0,0,310,0,0,2186,2,0,0,0,0,0,12,0,0,4,382,0,0,0,2,275,0,0,0,0,52,0,0,2,191,0,14,17,0,25,2946,0,144,90,32,0,4167,6,0,0,2,0,466,400,6,0,3,0,0,241,957,33,71590.0,0,0,0,0,0,0,3,14,5138,1,0.0,0,5233,266,376,7,0,1,28430,104,104,0,0,32,0,3,0,568,195,118,17,3,2,145,0.0,79902,8,0,0,0,0,0,0,0,1
2020-02-08,0,34,635,170,0,11,17,49,95,0,0,18,0,0,0,2,81,94,56,30,0.0,4,9616,78,0,313,65,0,1,0,129,58,1,0,1,245,1351,1,9,0,0,0,0,42,0,0,1767,0,40,0,0,24,5,0,0,1239,1,17,1383,0,0,0,0,0,37,529,63,0,250,311,0,754,545.0,19,88,49,0,31,146,117,184,0,10,0,271,8,2196,95,1,0,1,0,46,0,4,39836,0,0,0,0,0,136,1142,6231,0,0,0.0,0.0,0,0,0,0,974,3936,0,4,0,0,56,0,2,0,2,4,0,11,2,18,0,3,0,1,0,23,0,23,0,0,10,11,0,0,120,27,42,1479,829,556,330,27,118,0,47,1515,11,410,3951,36,2,475,1,0,0,0,61,57,241,5,161,41,2,18,10,1,6,0,1,27,970,0,108,0,0,26,0,184,0,13,20,6,0,1,783,2033,0,0,0,4,5,0,403,1279,0,94,209,333,149,6,0,11,7,0,96,3,0,1,0,39,70,0,1335,147,1,0,66,3561,102,25,12682,29,3,0,28,17,0,38090,246,9,48,0,0,0,0,141,34,107,366,108,62,478,50,291,2,222,0,4,0,0,0,1775,0,641,233,0,346,1516,0,42,216,0,765,9,20,0,288,0,0,0,523,0,0,1667,5,0,1,1,0,0,11,0,0,7,364,0,0,0,13,238,0,0,0,1,0,4,0,1,198,0,27,28,9,69,5496,1,274,89,30,1,4830,7,0,0,2,0,544,728,0,0,3,7,11,257,914,45,54792.0,0,1,0,0,0,0,0,28,4747,0,0.0,0,8681,308,370,21,0,0,35704,126,105,0,4,51,0,24,1,467,468,137,50,8,0,178,0.0,93780,14,0,0,0,0,0,1,0,2
2020-02-09,0,37,937,339,0,9,7,28,94,0,0,19,0,0,0,0,99,292,69,16,0.0,5,11945,106,3,357,104,0,1,0,64,94,3,0,0,915,1684,1,0,0,9,0,4,34,0,0,1938,0,34,0,1,13,29,0,0,1138,2,73,1475,0,0,0,0,1,10,426,42,0,169,547,15,1003,474.0,37,64,58,0,38,254,93,233,0,5,1,238,35,515,139,14,0,0,0,51,0,9,34314,0,0,0,0,1,164,1128,4635,0,0,0.0,0.0,0,10,0,0,679,4939,65,3,0,0,71,0,0,2,3,5,0,39,3,30,0,0,0,3,0,7,0,29,0,0,39,16,0,0,210,32,122,1345,534,408,219,2,125,3606,30,500,19,340,4204,60,0,863,0,0,0,14,66,38,106,5,83,18,0,23,27,0,0,3,0,44,1253,0,81,0,0,23,1,118,0,15,13,3,0,0,656,2151,0,0,1,41,2,0,260,1158,0,88,257,192,115,3,0,22,3,0,85,0,0,5,0,132,58,0,1213,138,3,0,31,3590,124,49,10728,44,4,1,68,12,0,36838,268,18,46,0,0,0,0,177,31,151,364,160,27,483,82,187,3,224,0,5,0,0,0,1887,0,914,119,0,401,815,0,63,136,0,881,12,0,0,277,0,0,0,265,0,0,1786,3,0,0,0,0,0,25,0,0,7,355,0,0,0,21,201,0,0,0,0,3,2,0,0,287,10,0,36,0,89,4091,7,241,54,27,1,4576,1,0,4,1,0,722,658,0,0,2,0,11,271,1406,50,51325.0,0,1,0,1,0,6,2,15,4056,0,0.0,0,4344,311,331,17,0,5,34412,129,69,0,4,23,0,13,6,397,476,83,41,11,0,78,0.0,88276,9,0,1,0,1,0,0,0,0
2020-02-10,0,61,760,302,0,13,9,50,104,0,0,19,2,0,1,0,80,151,80,40,5.0,3,8150,85,1,250,105,0,4,0,12,112,0,0,0,0,1580,1,0,0,0,0,54,64,7,0,2166,0,45,0,0,30,30,0,0,1406,0,45,1393,0,0,0,0,0,16,430,60,0,274,226,0,1000,529.0,19,0,61,1,32,302,188,16,0,0,0,155,0,455,110,10,2,2,0,22,2,1,31454,0,3,0,0,0,118,951,3881,6,4,0.0,0.0,0,4,0,0,1050,5633,26,7,0,0,52,0,0,2,4,3,0,7,0,20,0,4,0,2,0,25,0,40,0,0,31,13,0,0,85,30,22,1526,757,433,337,2,97,0,80,365,13,351,3836,35,0,410,0,0,0,5,123,55,197,7,55,10,1,12,7,0,17,0,0,43,746,0,64,0,0,18,0,109,0,3,38,4,0,2,1158,1588,0,0,0,5,13,0,396,1376,0,85,88,223,118,2,0,13,4,0,104,7,0,0,0,0,41,0,0,187,3,0,41,3021,71,39,10693,29,4,0,64,22,0,34878,229,14,18,0,0,0,0,-44,32,114,366,52,38,550,58,342,0,279,0,5,0,0,0,1790,0,1388,206,0,341,0,3,47,166,0,691,10,4,0,221,0,0,0,441,0,0,1459,5,0,0,0,0,0,29,0,0,11,137,0,0,0,7,219,0,0,0,0,9,3,0,0,142,0,120,33,4,96,4902,1,135,73,39,0,5756,1,0,0,0,0,0,725,0,0,1,1,4,224,873,54,44358.0,0,1,0,0,0,5,0,5,4117,0,0.0,1,5491,224,300,32,0,0,32512,109,21,1,1,30,0,16,0,310,295,229,71,14,0,234,0.0,80258,9,0,0,0,0,0,0,1,0
2020-02-11,0,0,661,191,0,22,17,25,45,0,0,20,1,0,0,4,87,119,70,28,0.0,3,9444,105,2,363,76,0,3,0,55,54,3,0,1,366,1209,0,0,0,0,0,16,23,0,0,1832,0,25,0,0,16,20,0,0,1276,2,27,1230,0,0,6,0,1,1,301,65,0,201,246,0,875,610.0,16,121,33,0,29,205,145,408,0,45,0,128,19,248,128,15,0,0,0,36,0,3,36661,0,0,0,0,0,179,1118,8728,5,5,42.0,0.0,0,0,0,0,1598,4288,0,4,0,0,77,0,0,0,8,3,0,6,0,16,0,2,0,1,0,23,0,25,0,0,7,25,0,0,78,24,40,1289,572,554,218,3,102,1997,91,345,8,398,3039,26,4,351,0,0,0,4,79,24,141,14,112,42,1,29,27,0,0,2,1,32,1417,0,127,1,11,20,0,156,0,9,6,13,0,1,326,1365,0,0,0,24,7,0,346,1749,0,83,177,341,91,2,1,0,9,3,101,0,0,0,0,426,61,0,1746,161,2,0,32,3326,108,48,8556,50,2,0,25,16,0,33799,293,12,29,0,0,0,0,220,17,155,329,145,48,379,49,68,3,149,0,4,0,0,0,1750,0,393,106,0,468,699,0,60,378,0,760,9,9,0,147,0,0,0,344,0,0,1175,0,0,0,0,0,0,2,0,0,7,43,0,0,0,11,247,0,0,0,2,5,25,0,1,106,3,0,70,1,63,3104,5,185,32,53,1,6180,5,0,1,0,0,1213,547,0,0,3,0,9,337,1047,111,42567.0,0,0,0,0,0,7,2,27,3892,0,0.0,0,3634,206,283,9,0,2,31835,59,30,0,1,32,0,21,2,457,598,114,67,11,0,67,0.0,83824,9,0,0,0,0,0,0,1,1
2020-02-12,0,56,733,165,0,6,6,98,103,0,0,24,2,0,0,0,74,187,74,20,7.0,7,9345,119,1,352,57,0,4,0,33,41,4,0,0,0,1380,2,4,0,2,0,11,87,0,0,959,0,63,0,0,24,19,0,0,1191,1,0,727,0,0,0,0,0,25,344,32,0,94,233,0,1231,361.0,13,40,43,2,19,237,110,331,0,31,1,83,7,101,149,9,0,2,0,41,1,8,27825,1,0,0,0,1,132,1279,2733,4,1,0.0,0.0,1,6,0,0,816,3243,73,6,0,0,20,0,0,4,1,1,0,4,15,7,0,2,0,3,0,16,0,20,0,0,7,21,0,0,73,76,69,1004,594,545,247,3,77,2089,70,370,12,395,3599,62,1,252,0,0,0,4,90,56,53,16,78,12,2,6,7,2,1,1,0,37,1857,0,39,0,10,29,4,170,0,0,52,1,0,2,428,1337,0,0,0,17,17,0,296,1503,0,51,100,404,101,4,0,21,16,0,28,0,0,1,0,0,53,0,952,134,2,0,46,3585,62,49,8670,54,9,0,69,6,0,31837,371,18,15,0,0,0,1,106,31,174,410,75,40,-119,64,727,8,112,0,2,0,0,0,1617,0,280,104,0,331,712,0,38,228,0,636,13,5,0,160,0,0,0,360,0,0,1154,1,0,1,0,0,0,11,0,4,4,289,0,0,0,0,292,0,1,0,1,2,0,1,0,66,0,47,0,0,31,1887,4,183,48,47,0,5478,7,0,0,2,0,376,960,0,0,3,2,9,169,863,38,41069.0,0,0,0,0,0,6,0,22,3148,3,0.0,0,3802,143,277,9,0,1,30507,75,114,0,6,31,0,33,4,238,400,95,21,10,0,191,0.0,71801,12,0,0,0,1,0,0,1,1
2020-02-13,0,30,720,208,0,14,16,69,69,0,0,0,4,0,0,0,103,250,110,11,20.0,0,9863,107,0,248,0,0,1,0,25,35,4,0,1,138,1123,1,6,0,0,0,26,26,2,0,921,0,0,0,0,19,27,0,0,1254,0,103,1922,0,0,4,0,0,47,310,39,0,79,385,0,399,486.0,19,56,32,0,20,116,80,278,0,9,0,167,0,181,103,7,0,0,0,11,0,1,30774,2,1,0,0,2,249,805,4700,7,1,0.0,0.0,0,3,0,1,359,4024,0,5,0,0,62,0,0,1,19,8,0,9,0,10,0,5,0,0,0,20,0,20,0,0,30,25,0,0,11,69,23,900,726,458,218,1,82,2274,83,390,11,593,4316,16,3,515,0,0,0,22,61,60,38,16,109,69,1,9,14,0,3,0,0,32,514,0,75,0,2,14,0,131,0,6,28,9,0,4,445,764,0,0,0,0,13,0,253,1493,0,70,183,119,112,7,1,17,20,0,153,0,0,0,0,0,41,0,1224,94,3,0,48,3381,81,57,8986,67,14,1,40,8,0,28272,134,21,72,0,0,1,0,115,26,177,304,93,33,836,69,380,26,187,1,9,0,0,0,1082,0,535,414,0,367,452,0,23,279,0,947,14,10,0,116,0,0,0,193,0,0,954,2,0,1,0,3,0,7,0,0,18,93,0,0,0,4,284,0,0,0,1,5,0,1,0,0,12,49,24,0,70,2188,2,132,28,47,0,4273,6,0,0,2,0,387,182,0,0,10,2,3,311,422,51,26030.0,0,0,0,0,0,11,2,21,3135,0,0.0,4,5903,68,294,6,0,0,25609,176,92,0,4,51,0,23,4,233,352,100,42,7,0,192,0.0,71994,13,0,0,0,0,0,0,1,0
2020-02-14,0,38,742,98,0,14,29,106,80,0,0,62,2,0,0,0,98,250,5,52,2.0,2,9257,143,3,80,141,0,4,0,10,18,1,0,1,211,1260,0,0,0,2,0,18,26,0,0,1144,0,29,0,0,24,16,0,1,1397,0,46,1473,0,0,6,0,0,30,424,30,0,139,384,23,362,533.0,19,47,19,0,30,281,143,612,0,1,0,90,6,97,85,6,0,7,0,79,0,5,35677,0,0,0,0,0,45,1277,6559,4,1,0.0,0.0,0,0,0,0,416,4949,9,3,0,0,60,1,0,4,9,8,0,11,3,38,0,1,0,3,0,32,1,13,0,0,4,28,0,0,55,53,65,1094,506,516,181,0,88,2483,58,331,6,429,4805,27,2,204,0,0,0,13,69,44,86,4,139,3,1,24,7,1,3,1,2,40,2199,0,117,1,0,24,1,179,0,2,11,12,0,2,414,1334,0,0,0,31,6,0,202,1481,0,76,97,187,161,2,0,19,6,0,116,0,0,1,2,0,38,0,904,183,7,0,81,4229,48,87,11005,89,8,0,24,14,0,35725,213,13,53,0,0,1,0,275,29,232,427,171,21,375,100,189,21,128,0,8,0,0,0,1937,0,151,152,0,331,1392,0,74,250,0,896,7,13,0,95,0,0,0,251,0,0,658,13,0,0,1,7,1,8,0,0,11,331,0,0,0,15,148,0,0,0,1,2,1,1,4,195,2,14,20,0,80,2101,2,217,25,81,1,6023,11,0,0,0,0,312,1398,3,0,8,0,6,254,842,102,30707.0,0,0,0,0,0,1,3,58,3013,0,0.0,0,3735,155,241,14,0,4,33732,181,57,0,2,72,0,20,2,395,665,145,45,17,4,116,0.0,83734,21,0,0,0,0,0,0,1,0
2020-02-15,0,26,937,265,0,10,28,106,185,0,0,11,0,0,0,6,88,171,55,34,0.0,2,8458,192,2,530,0,0,0,0,45,9,5,0,2,47,1661,1,3,0,0,0,7,72,0,0,1150,0,53,0,2,21,14,0,0,1381,0,203,1261,0,0,1,0,1,39,333,25,0,106,453,0,1090,342.0,20,68,36,0,40,325,57,85,0,9,2,108,14,205,120,10,1,0,0,57,0,3,48845,2,1,0,0,5,267,1260,17355,6,2,0.0,0.0,1,0,0,0,523,6096,1,7,0,0,69,0,2,2,2,9,0,3,6,21,0,4,0,0,0,36,0,2,0,0,42,17,1,0,55,45,122,1569,515,398,106,0,85,2560,48,424,7,559,4585,24,6,318,0,0,0,11,71,72,61,12,0,14,0,16,12,0,1,6,0,75,1138,0,125,2,11,56,0,150,0,3,0,15,0,5,427,1436,0,0,0,27,12,0,178,1953,0,47,181,298,86,4,0,21,37,1,109,0,0,0,0,0,30,2,1026,75,0,0,61,4305,92,104,10426,82,12,0,22,20,0,34758,295,14,46,0,0,4,2,115,14,279,410,109,25,462,73,258,34,198,0,4,0,0,0,1225,0,181,76,0,354,852,0,62,126,0,583,27,13,0,54,0,0,0,430,0,0,582,5,0,0,0,0,0,6,0,0,14,154,0,0,0,0,305,0,0,1,0,3,0,3,0,0,5,21,80,2,43,2111,11,146,22,94,0,7026,8,0,5,2,0,563,596,0,0,7,0,0,223,777,89,28953.0,0,1,0,0,0,1,3,40,2786,0,0.0,3,4450,154,240,17,0,1,32856,160,20,0,7,51,0,30,6,306,372,104,20,14,0,264,0.0,95388,13,0,0,0,0,0,0,2,0
2020-02-16,0,34,666,163,0,4,27,98,139,0,0,38,0,1,0,2,132,185,59,73,0.0,5,9082,222,4,374,43,0,3,0,8,5,1,0,1,141,1422,0,0,0,3,0,9,31,0,0,1135,0,55,0,0,28,6,1,0,1219,4,51,1553,5,0,6,0,1,21,373,25,0,96,386,0,267,143.0,21,48,21,0,36,265,25,317,0,7,0,96,11,405,86,5,0,4,0,103,0,6,35320,2,0,0,0,0,97,1235,2116,0,0,0.0,0.0,4,3,0,0,696,7082,9,7,0,0,129,0,0,3,5,0,0,1,0,22,0,0,0,2,0,27,1,1,0,0,3,43,0,0,38,99,222,717,535,470,196,0,62,2715,44,402,39,819,4668,4,3,233,4,0,0,21,63,51,83,29,75,14,0,35,14,1,0,1,3,47,2735,0,168,0,2,32,3,217,0,5,6,40,0,3,345,1228,0,0,0,8,0,0,132,1457,0,53,104,188,82,5,0,24,20,0,59,0,0,4,0,0,41,2,1083,185,10,0,64,3335,40,91,8697,71,8,0,24,16,0,30811,273,12,30,0,0,1,0,357,20,293,355,160,21,401,90,159,16,158,0,15,0,0,0,1282,0,91,385,0,516,783,1,30,114,0,907,38,27,0,91,0,0,0,445,0,0,601,2,0,1,0,0,0,9,0,0,13,165,0,0,0,12,111,0,0,0,3,4,0,0,0,114,2,24,0,0,82,2277,11,261,36,86,0,7472,3,0,0,1,0,621,989,6,0,9,0,6,-88,646,103,19447.0,0,3,0,0,0,3,7,32,2456,0,0.0,1,4244,138,210,19,0,7,28779,76,31,1,2,17,0,49,11,220,611,67,26,22,0,175,0.0,78449,16,0,0,0,0,1,3,2,1
2020-02-17,0,43,576,108,0,10,18,117,131,0,0,14,1,0,0,0,79,124,60,92,7.0,0,8364,272,3,490,41,0,6,0,68,2,11,0,2,0,1384,0,4,0,0,1,8,62,0,0,1119,0,53,0,2,37,21,0,0,1349,1,22,1140,0,0,8,0,0,13,293,49,0,159,374,3,429,173.0,28,96,26,0,58,274,49,495,0,3,0,175,14,456,69,9,0,3,0,79,0,0,37356,4,0,0,0,2,72,1032,4861,0,0,0.0,0.0,2,0,0,0,631,5598,0,12,0,0,101,0,1,11,8,13,0,7,1,8,0,7,0,0,0,32,2,4,0,0,47,37,1,1,60,85,144,982,442,410,113,10,55,2875,34,212,10,620,4782,11,6,206,1,0,0,4,54,33,55,22,25,5,0,12,15,0,0,0,4,68,1187,0,141,0,0,41,0,208,1,3,8,24,0,7,326,1118,0,0,0,14,22,0,163,1719,0,60,136,265,70,3,0,19,20,0,38,2,7,1,3,0,37,0,1019,161,11,2,48,3258,47,116,7997,89,23,0,40,35,0,28755,207,25,25,0,0,2,1,199,26,365,348,153,21,426,46,249,21,136,0,8,0,0,0,1069,0,258,322,0,286,808,0,47,54,0,449,54,34,0,78,0,0,0,278,0,0,771,7,0,0,0,7,0,0,0,0,9,157,0,0,0,5,160,0,0,0,1,6,0,2,1,74,0,26,56,0,27,2400,18,210,21,89,0,8102,5,0,1,0,0,512,1512,0,0,10,1,3,542,682,104,19475.0,0,2,0,0,0,2,1,29,2148,0,0.0,0,4324,135,150,12,0,0,26958,124,17,0,1,28,0,68,10,236,531,79,29,8,0,161,0.0,77821,17,0,0,0,1,1,0,1,0
2020-02-18,0,22,573,52,0,14,16,64,132,0,0,6,0,0,0,0,88,131,56,39,0.0,5,8754,303,4,536,86,0,1,0,52,3,0,0,0,11,1189,0,3,0,5,0,8,39,1,0,1151,0,43,0,2,33,15,2,0,1164,0,40,1143,0,2,2,0,0,18,289,27,0,108,341,0,557,232.0,17,77,16,0,32,328,55,45,0,12,0,208,11,336,54,0,3,0,0,34,0,4,35388,4,0,0,0,0,28,1037,7578,8,1,0.0,0.0,0,2,0,0,1085,5332,43,0,0,0,102,0,0,8,11,10,0,3,0,0,0,4,0,1,0,20,2,0,0,0,31,51,0,0,33,49,94,940,339,372,149,0,73,2988,64,325,5,760,4053,11,2,225,0,0,0,6,67,33,152,9,28,4,1,48,16,1,3,2,4,48,1212,0,190,3,11,28,0,142,0,3,19,7,0,35,247,868,0,0,0,4,12,0,121,1117,0,53,90,285,55,3,2,21,15,0,64,0,0,1,0,0,24,0,845,94,2,0,53,2361,35,150,8665,61,4,1,7,4,0,26706,182,13,44,0,0,0,0,204,20,364,266,85,18,260,84,177,17,106,0,4,0,0,0,839,0,115,227,0,215,1035,3,65,88,0,732,38,23,0,80,0,0,0,215,0,0,440,5,0,1,4,0,0,6,0,0,8,110,0,0,0,15,115,0,0,2,0,7,1,2,1,47,10,37,39,2,27,2142,30,158,7,101,0,7719,14,0,0,0,2,407,683,0,0,7,0,2,454,579,120,13014.0,0,0,0,0,0,4,4,32,2704,0,0.0,11,3009,120,53,18,0,0,24982,82,15,0,8,37,0,51,8,230,266,12,17,28,0,127,0.0,73927,25,0,0,0,0,2,1,0,0
2020-02-19,0,54,559,117,0,5,20,29,73,0,0,36,0,0,0,0,146,239,59,50,0.0,0,7604,311,2,748,64,0,0,0,0,2,1,0,3,58,876,1,0,0,5,0,11,71,3,0,405,0,86,1,2,25,24,0,0,1049,2,54,1128,0,0,0,0,4,33,310,34,0,96,319,0,578,96.0,16,75,31,3,16,143,32,260,0,0,1,42,17,42,47,2,0,3,0,30,0,2,31953,10,0,0,0,0,75,754,4376,0,1,0.0,0.0,3,9,0,0,349,4616,0,4,0,0,56,0,0,0,2,0,0,2,6,6,0,0,0,0,0,29,0,0,0,0,2,72,0,0,45,66,107,462,180,273,114,10,88,3110,83,295,14,484,4050,3,4,87,1,0,0,9,44,42,41,8,23,13,1,22,17,3,0,0,8,49,485,0,38,0,7,22,0,140,1,7,13,24,0,0,174,797,0,0,1,33,0,0,101,1009,0,73,88,196,35,3,0,16,14,0,58,0,0,4,0,0,33,0,884,124,2,1,56,3250,44,114,7638,58,13,0,5,24,0,23013,190,11,26,0,0,4,0,182,5,370,280,52,25,351,57,240,2,86,0,1,0,0,0,690,0,98,538,0,227,446,7,47,59,0,590,54,41,0,114,0,0,0,293,0,0,501,0,0,5,0,4,0,6,0,0,20,154,0,0,0,13,44,0,2,0,1,11,0,0,0,35,0,27,46,0,46,1142,32,151,11,125,0,9222,7,1,0,1,0,328,853,1,0,16,5,0,119,520,127,13282.0,0,0,0,0,0,0,7,50,1610,1,0.0,0,2619,69,41,16,0,7,21569,82,14,0,16,21,0,96,10,130,291,94,21,9,0,121,0.0,64648,8,0,0,0,1,0,6,2,1
2020-02-20,0,10,545,109,0,12,11,40,57,0,0,26,2,0,0,0,75,146,40,58,0.0,4,7116,265,1,692,27,0,4,0,16,1,7,0,0,0,1063,0,0,0,5,0,15,17,0,0,352,0,0,0,1,16,15,0,0,697,4,48,665,0,0,4,0,0,8,230,36,0,94,245,15,469,157.0,19,58,20,0,35,190,18,354,0,4,0,140,16,101,33,6,0,6,0,36,0,4,28133,0,0,0,0,0,122,912,2599,15,5,0.0,0.0,2,0,1,2,237,4188,11,9,0,0,95,0,0,4,1,9,0,0,0,8,0,0,0,0,0,26,2,0,0,0,29,60,0,0,39,57,59,1098,84,282,129,2,38,3186,0,200,9,482,5217,25,0,173,1,0,0,13,61,43,45,4,11,10,0,29,8,2,0,5,0,47,225,0,119,4,0,42,0,156,0,0,7,8,0,0,171,698,0,0,0,8,19,0,145,830,0,62,96,79,32,3,0,14,7,0,79,0,0,2,0,0,12,0,1104,182,15,0,44,2262,29,127,6226,75,15,0,4,14,0,19553,127,4,18,0,0,0,0,259,12,340,247,54,0,211,70,99,9,88,0,8,0,0,0,556,0,181,128,0,188,792,0,27,44,0,342,33,0,0,55,0,0,0,192,0,0,302,10,0,0,6,0,0,0,0,0,22,96,0,0,0,20,82,0,0,0,1,6,0,0,0,42,3,22,26,0,93,1076,6,113,22,78,0,6398,7,0,0,1,0,253,717,4,0,8,0,3,306,292,136,9997.0,0,8,0,0,0,5,2,34,1815,0,0.0,3,2433,62,102,0,0,1,18402,120,11,0,0,24,0,52,15,150,585,59,11,43,0,109,0.0,56783,3,0,0,0,0,0,1,1,0
2020-02-21,0,0,474,82,0,17,26,79,45,0,0,41,1,0,0,0,55,108,23,52,0.0,13,7036,345,6,699,17,0,0,0,26,0,0,0,4,0,1702,0,0,0,0,1,7,66,0,0,427,0,92,0,11,25,27,0,1,763,4,0,895,0,0,0,0,0,12,299,43,1,69,323,0,233,72.0,32,22,39,0,17,247,49,155,0,2,0,138,14,196,40,5,0,0,0,34,0,3,33853,15,0,0,0,0,56,840,4611,0,0,0.0,0.0,1,0,0,0,248,4907,4,1,0,0,95,0,2,29,4,8,0,2,0,0,1,3,0,7,0,29,0,0,1,0,15,63,0,0,65,73,31,469,54,251,130,1,63,2901,89,294,5,405,5974,39,2,194,3,1,1,11,50,47,92,7,20,26,2,42,26,3,0,2,0,55,569,0,226,0,13,43,0,150,1,7,10,25,0,0,287,1017,0,0,0,8,13,0,131,1002,0,43,84,138,32,1,0,26,2,0,79,1,0,0,3,0,18,1,1159,117,6,0,27,2299,17,174,7426,63,18,0,8,16,0,21286,118,26,22,0,0,0,0,258,20,408,267,55,15,150,65,118,9,115,0,0,0,0,0,564,0,36,343,0,281,902,0,21,28,0,474,31,38,0,36,0,0,0,468,0,0,270,6,0,0,0,0,0,1,0,0,30,99,0,0,0,12,131,0,1,0,0,7,1,2,0,70,0,45,98,0,17,1128,12,119,10,105,0,6549,6,0,0,0,0,378,1126,0,0,15,1,4,191,525,143,11971.0,0,5,0,0,0,0,10,51,1704,2,0.0,7,2546,107,63,30,0,3,19849,124,29,2,6,27,0,84,10,130,585,38,17,34,0,129,0.0,64187,11,0,0,0,1,0,6,3,2
2020-02-22,0,16,529,108,0,26,0,56,42,0,0,43,0,0,0,0,101,157,37,43,0.0,5,7523,461,9,516,43,0,1,0,15,0,2,0,4,0,1850,0,0,0,2,0,13,27,0,0,489,0,67,0,0,37,28,0,0,845,1,3,714,0,0,0,0,0,22,304,59,0,48,310,0,279,81.0,32,84,13,1,16,360,22,36,0,1,0,93,0,224,41,6,0,0,0,70,3,0,41737,0,0,0,0,0,130,714,3809,0,0,0.0,0.0,6,0,0,0,555,6062,1,20,0,75,74,1,0,0,6,11,0,7,0,0,0,0,0,0,0,14,0,0,0,0,28,1,0,0,43,88,43,487,158,324,109,2,56,3076,76,302,3,425,5909,5,4,112,0,0,2,23,47,79,54,0,10,0,0,25,44,3,0,0,0,37,441,0,152,1,3,13,0,159,3,7,5,3,0,12,198,823,0,0,2,13,0,0,132,800,0,52,94,179,22,9,1,31,12,0,83,0,2,3,0,0,8,1,1172,85,12,0,33,1949,55,212,6954,83,20,2,0,16,0,19977,189,10,18,0,0,2,0,373,17,544,269,74,21,136,97,156,6,112,0,4,0,0,0,532,0,55,272,0,192,724,2,15,13,0,392,70,10,0,38,0,0,0,263,0,0,228,4,0,0,0,0,0,15,0,0,9,92,0,0,0,11,71,0,0,0,1,17,0,0,0,49,0,0,0,0,243,1280,30,86,12,146,0,14462,3,2,0,2,0,211,1275,0,0,16,0,4,222,351,109,8112.0,0,9,0,0,0,0,1,0,2069,0,0.0,5,2885,85,72,36,0,2,18805,78,21,0,6,26,0,111,16,139,519,37,20,23,0,198,0.0,71590,17,0,0,0,0,0,6,4,0
2020-02-23,0,10,610,92,0,16,12,67,65,0,0,36,1,2,0,4,87,107,41,39,0.0,9,6094,373,9,1195,0,0,4,0,1,4,6,0,4,8,1049,0,0,0,8,1,22,45,0,0,425,0,66,0,1,33,6,0,1,871,2,13,642,0,0,0,0,0,20,164,86,0,21,343,0,137,78.0,30,70,10,1,14,287,24,159,0,0,0,96,0,192,39,0,3,2,0,37,2,4,28671,4,0,0,0,0,109,506,3922,0,5,0.0,0.0,3,0,0,0,256,7776,4,9,0,0,71,3,6,0,8,23,0,1,0,4,0,0,0,0,0,11,0,0,1,0,15,65,0,0,39,65,53,672,80,179,153,15,33,2926,36,255,4,540,6203,16,0,80,1,0,0,40,35,16,50,3,17,14,0,36,0,1,0,0,5,55,510,0,120,2,4,13,0,130,0,2,5,1,0,15,157,579,0,0,0,29,14,0,110,560,0,59,108,149,28,2,0,23,3,4,50,2,0,2,1,0,8,0,1019,131,15,1,17,2469,23,186,6107,85,15,0,3,14,0,17909,130,13,24,0,0,5,0,211,5,459,166,84,22,170,51,129,7,116,0,11,0,0,0,529,0,100,96,0,159,549,4,13,12,0,290,62,20,0,33,0,0,0,0,0,0,196,9,0,0,0,0,0,0,0,0,9,112,0,0,0,14,73,0,0,3,2,17,0,1,0,52,0,43,104,1,218,1049,22,32,5,91,0,1598,4,0,0,0,0,304,516,0,0,15,0,11,182,311,91,7120.0,0,5,0,0,0,2,5,54,1196,1,0.0,4,2129,70,0,21,0,0,16821,56,18,0,1,33,0,54,0,72,607,36,24,24,0,90,0.0,54792,7,0,0,0,0,4,4,6,2
2020-02-24,0,5,361,197,0,1,28,61,38,0,0,0,0,0,0,0,115,75,76,25,0.0,2,4839,374,9,485,35,0,0,0,38,5,0,14,4,0,1298,1,0,0,1,0,7,17,0,0,292,0,42,2,5,23,32,0,0,541,3,5,609,0,0,2,0,0,7,220,34,0,92,175,0,257,58.0,24,63,9,0,8,278,15,136,0,0,4,80,3,129,54,4,0,3,0,134,0,0,29751,8,0,0,0,0,73,511,2929,5,0,0.0,0.0,6,1,0,0,290,5447,64,11,0,0,78,1,0,0,5,0,0,3,0,0,0,0,0,1,0,5,0,0,0,0,16,43,0,0,35,89,57,333,133,109,103,0,21,2389,30,235,2,325,5210,7,1,114,2,0,1,18,35,29,35,3,13,0,3,23,35,0,0,0,0,35,407,0,234,1,0,24,0,235,0,0,0,14,0,9,74,679,0,0,1,4,0,0,70,502,0,25,57,103,24,8,1,16,15,0,55,2,0,0,0,0,3,0,852,120,0,0,29,732,13,190,6657,78,32,0,0,5,0,14943,113,9,0,0,0,2,0,310,17,452,137,58,10,100,55,123,22,115,0,4,0,0,0,338,0,64,71,0,128,0,2,12,11,0,326,50,21,0,8,0,0,0,123,0,0,182,1,0,2,0,3,0,21,0,0,14,0,0,0,0,6,81,0,0,0,0,18,1,0,0,73,1,10,0,1,0,972,38,82,11,104,0,8578,0,0,0,0,1,209,979,4,0,17,1,5,137,320,111,5937.0,0,2,0,0,0,0,3,54,561,0,0.0,0,1302,43,85,28,0,0,13980,48,9,0,15,30,0,54,12,95,128,44,13,26,0,151,0.0,51325,12,0,0,0,1,0,0,0,0
2020-02-25,0,37,486,46,0,6,23,57,34,0,0,55,0,0,0,0,86,91,35,30,0.0,5,4690,285,5,734,15,1,1,0,29,0,1,0,3,5,668,0,0,0,0,0,4,18,0,0,311,0,145,0,5,18,0,0,1,408,6,4,704,0,0,1,0,0,3,176,54,0,72,189,0,203,33.0,19,57,8,2,8,208,17,138,0,8,5,67,3,101,36,4,0,0,0,35,0,0,28274,10,0,0,0,1,71,240,2448,0,2,0.0,0.0,4,0,1,0,294,3905,41,0,0,0,48,1,0,11,3,5,0,1,2,0,0,-15,0,1,0,13,0,0,0,0,6,24,0,0,39,60,13,252,51,98,104,2,20,2206,50,204,3,514,5249,48,4,53,2,0,1,27,17,12,39,9,4,2,1,24,29,0,0,1,0,68,216,0,224,5,2,11,0,172,0,2,19,1,0,4,62,382,0,0,0,12,0,0,38,466,0,27,71,62,16,0,0,5,23,0,27,2,0,1,3,0,7,1,811,22,1,4,7,831,17,116,3146,50,11,0,4,6,0,9765,92,3,41,1,0,0,0,255,10,340,124,25,15,85,20,92,2,98,0,10,0,0,0,248,0,21,84,0,183,935,0,0,25,0,388,46,19,0,18,0,0,0,144,0,0,214,4,0,0,0,0,0,0,0,0,6,338,0,0,0,13,54,0,0,1,1,29,0,2,0,49,0,12,86,0,155,803,27,44,2,100,0,7937,2,0,0,1,1,286,1339,0,0,20,0,6,165,224,107,3402.0,0,3,0,0,0,5,5,29,343,0,0.0,5,1577,16,50,27,0,0,8779,41,7,3,7,20,0,55,18,50,251,46,19,30,0,62,0.0,44358,9,0,0,0,0,0,9,1,0
2020-02-26,0,2,533,39,0,4,34,42,29,0,0,20,1,0,0,2,35,83,32,41,0.0,3,3755,430,7,1023,7,2,0,0,53,6,0,0,21,0,526,1,4,0,0,0,1,22,0,0,341,0,48,0,13,12,15,0,0,408,1,10,619,0,0,2,0,2,1,114,51,1,71,128,1,88,22.0,24,55,5,1,21,124,31,127,0,2,1,43,15,192,39,2,3,0,0,17,0,1,24938,4,0,0,0,1,96,220,3375,5,5,0.0,0.0,5,1,1,0,182,3930,3,0,0,0,71,0,0,4,0,13,0,1,0,0,0,1,0,1,0,21,0,0,0,0,3,30,1,0,20,20,17,235,86,67,107,0,15,1762,33,219,15,418,4789,0,2,39,3,0,0,15,18,6,21,1,2,28,2,17,48,0,0,0,5,33,335,0,77,1,5,18,0,106,0,0,20,0,0,9,41,131,0,0,0,8,15,0,51,291,0,66,42,66,15,0,0,12,7,0,21,0,0,2,1,0,13,0,545,72,0,2,23,930,18,209,6314,53,15,0,1,4,0,12041,109,3,21,1,0,1,0,232,13,486,87,13,18,78,30,104,1,32,0,5,0,0,0,182,0,32,90,0,125,460,0,8,7,0,409,78,11,0,23,0,0,0,186,0,0,6,17,0,0,1,3,0,12,0,0,14,51,0,0,0,19,27,0,0,1,0,0,1,2,0,54,1,18,28,0,280,814,36,102,7,76,0,6584,13,0,0,0,1,125,883,0,1,20,0,8,110,135,106,4030.0,0,1,0,0,0,0,2,15,293,1,0.0,8,967,24,45,4,0,11,11227,76,3,0,7,23,0,56,2,33,225,21,4,35,0,42,0.0,42567,2,0,0,0,0,0,0,2,0
2020-02-27,0,16,342,26,0,11,13,33,62,0,0,25,0,0,0,0,41,48,43,4,0.0,1,4707,365,13,735,12,3,0,0,27,9,3,0,23,5,928,0,0,0,4,0,8,35,0,0,441,0,0,0,8,27,35,0,0,297,33,16,141,0,0,0,0,0,3,95,59,1,25,119,0,104,9.0,17,100,14,0,11,170,11,124,0,0,1,90,7,257,33,0,0,0,0,46,0,2,25899,26,0,0,0,1,92,244,2022,0,3,0.0,0.0,6,0,0,2,66,3856,3,5,0,-2,94,2,1,2,14,8,0,2,0,2,0,1,0,3,0,8,0,0,1,0,1,82,0,0,36,95,9,297,93,76,129,0,20,2439,19,121,3,355,5560,11,0,47,0,0,0,12,10,8,16,8,13,0,0,56,26,1,0,0,9,49,74,0,128,5,9,19,0,335,0,0,17,1,0,7,56,117,0,0,0,14,10,0,65,230,0,32,67,64,14,5,0,4,6,0,26,1,0,0,0,0,0,1,573,34,0,4,13,587,8,172,4594,36,3,0,1,14,0,8769,28,2,30,2,0,0,0,199,7,406,106,15,14,48,24,159,6,68,0,0,0,0,0,111,0,45,82,0,113,320,1,10,13,0,38,60,17,0,17,0,0,0,209,0,0,132,2,0,0,0,0,0,15,0,0,8,119,0,0,0,11,34,0,0,0,2,10,0,0,0,23,0,8,31,0,34,946,34,22,7,64,0,7593,10,0,0,0,0,164,1371,1,0,42,6,7,134,111,122,4651.0,0,4,0,0,0,2,1,15,289,0,0.0,0,665,26,0,23,0,0,8346,45,4,0,7,3,0,59,27,63,203,22,4,20,0,101,0.0,41069,2,0,0,0,2,0,1,1,0
2020-02-28,0,0,143,25,0,9,0,31,45,0,0,13,0,0,0,0,67,25,22,30,0.0,3,1156,282,10,329,9,4,0,0,12,0,8,1,10,7,0,0,0,0,0,0,0,3,0,0,201,0,76,0,0,21,24,0,2,266,2,13,243,0,0,0,0,0,18,103,44,0,52,113,0,29,13.0,4,38,0,0,9,91,6,71,0,0,0,40,0,106,9,0,0,1,0,0,3,0,16237,0,0,0,0,0,91,200,1847,3,0,0.0,0.0,4,1,0,0,70,2222,2,0,0,7,35,0,0,5,1,8,0,5,0,0,0,3,0,0,0,11,1,0,0,0,2,1,0,0,28,64,6,168,57,42,0,0,25,0,6,102,0,0,6557,0,0,47,2,1,0,15,9,1,23,0,0,2,0,0,43,0,0,0,0,36,226,0,186,2,0,14,0,0,0,0,9,2,0,5,44,116,0,0,0,0,4,0,48,256,0,22,60,13,14,7,0,10,2,0,10,0,0,0,0,0,13,0,637,-4,6,0,10,437,14,97,3807,14,2,0,0,10,0,7573,94,2,8,21,0,2,1,221,6,296,76,4,0,59,23,111,1,45,0,4,0,0,0,94,0,55,73,0,97,260,0,7,11,0,42,38,2,0,12,0,0,0,59,0,0,53,0,0,0,0,1,0,9,0,0,18,48,0,0,1,9,39,0,0,0,2,14,0,1,0,47,0,41,42,0,0,625,33,48,0,98,0,570,4,0,0,0,1,113,1247,0,0,0,0,5,106,127,188,3672.0,0,0,0,0,0,7,40,0,277,0,0.0,1,1035,6,13,25,0,0,7124,24,5,0,5,20,0,67,2,33,269,21,4,30,0,63,0.0,26030,2,0,0,0,0,0,0,1,0
2020-02-29,0,0,173,28,0,0,12,49,4,0,0,0,1,0,0,0,30,26,38,24,0.0,0,2516,194,3,492,0,4,1,0,14,4,1,0,13,0,558,0,0,0,0,0,2,21,0,0,330,0,77,0,10,30,0,0,0,208,4,7,213,1,0,0,0,0,3,92,36,0,30,86,0,35,10.0,24,55,5,0,8,130,9,29,-6,0,0,38,5,166,29,2,0,0,0,23,0,0,21242,12,0,0,0,1,73,131,1617,0,4,0.0,0.0,4,1,0,0,197,3516,3,0,0,0,31,0,0,6,0,4,0,3,0,1,0,10,0,0,0,11,0,0,0,3,0,17,0,0,18,0,13,162,69,25,81,0,1,966,16,126,1,178,5986,5,3,44,0,0,0,16,12,4,14,0,17,6,0,13,24,0,1,0,9,21,145,0,0,0,3,4,0,153,0,0,11,0,0,0,42,85,0,0,0,7,3,0,39,218,0,26,28,32,17,0,4,5,1,0,20,0,0,0,0,0,6,0,534,66,0,2,11,148,8,54,2803,13,1,1,0,0,0,5828,50,7,10,5,0,0,0,193,1,211,54,5,4,61,26,78,4,63,1,5,0,0,0,105,0,29,77,0,61,234,0,6,10,0,18,37,17,1,10,0,0,0,0,0,0,54,6,0,0,0,1,0,7,0,0,6,70,0,0,0,11,31,0,1,1,2,9,0,1,0,0,0,13,22,0,38,737,17,45,0,147,0,4946,7,0,0,0,0,201,1394,0,1,18,0,6,110,109,89,2699.0,0,0,0,1,0,0,0,6,311,0,0.0,0,714,15,0,16,0,3,5428,34,4,0,23,7,0,51,5,21,147,6,3,26,0,59,0.0,30707,4,0,0,0,0,0,0,2,3
2020-03-01,0,2,232,26,0,3,0,27,8,0,0,22,1,0,0,0,31,24,25,14,0.0,1,2567,168,2,360,10,1,2,0,16,2,3,4,11,18,462,0,0,0,0,1,5,24,0,0,118,1,40,0,0,18,7,0,1,177,10,7,144,1,0,2,0,1,4,104,48,0,26,56,2,62,35.0,20,11,5,0,9,202,4,94,8,0,0,0,4,92,46,0,2,0,0,16,0,3,20290,8,0,0,0,0,43,104,1861,0,5,0.0,0.0,3,0,0,1,91,3543,7,2,0,1,46,0,0,12,2,17,1,1,0,0,0,1,0,2,1,10,0,1,0,5,12,48,0,0,12,79,12,133,32,22,60,0,5,1237,28,191,1,176,5322,0,1,40,0,0,0,13,14,5,15,0,11,3,0,25,24,1,0,0,0,12,112,1,149,0,0,10,0,130,0,0,0,0,0,9,22,72,0,0,0,4,1,0,46,215,0,13,18,17,13,2,0,4,5,0,8,0,0,0,1,0,3,0,409,11,0,0,5,315,7,75,2626,11,3,0,1,4,0,5198,47,12,24,36,0,2,0,171,2,179,31,13,9,43,13,125,1,28,0,2,0,0,0,49,0,79,13,0,53,144,1,2,8,0,27,40,14,1,11,0,0,0,31,0,0,52,0,0,0,0,0,0,4,0,0,4,36,0,0,1,0,21,0,0,1,1,8,0,1,0,72,0,19,33,0,86,487,8,21,3,87,0,4966,10,0,0,0,3,154,1002,0,0,27,0,0,55,98,50,2669.0,0,1,0,0,0,8,0,15,168,0,0.0,0,643,10,27,15,0,1,4910,12,10,0,6,3,0,29,11,25,190,31,3,12,0,46,0.0,28953,0,0,0,0,0,0,0,1,0
2020-03-02,0,0,96,13,0,3,5,22,10,0,0,14,0,0,0,0,18,8,15,38,0.0,0,2101,141,1,372,0,4,0,0,13,4,0,6,11,0,309,0,1,1,2,0,0,7,0,0,180,0,45,0,5,13,13,0,0,146,2,3,129,0,0,0,0,0,1,37,23,0,27,36,0,29,16.0,19,21,4,0,9,108,10,88,0,0,0,13,7,57,14,1,3,0,0,9,0,0,13562,14,0,0,0,1,54,111,1404,4,3,0.0,0.0,0,0,0,0,51,3164,2,5,0,1,31,1,0,6,4,8,0,0,0,0,0,-7,0,0,0,2,0,1,0,2,3,27,0,0,15,80,2,129,22,9,82,0,10,1046,0,74,0,102,4207,3,2,34,0,0,0,8,4,9,8,0,6,0,0,15,6,0,0,0,9,9,84,0,132,2,0,10,0,110,0,0,5,2,0,4,25,38,0,0,1,3,0,0,25,54,0,16,13,8,6,0,0,1,6,0,9,0,0,0,0,0,5,0,346,28,3,0,13,160,5,40,1378,8,0,1,0,0,0,3152,26,2,12,20,0,0,0,108,5,150,22,12,6,24,7,77,3,23,0,0,0,0,0,42,0,38,15,0,79,194,0,1,10,0,20,50,2,0,10,0,0,0,31,0,0,0,3,0,0,0,0,0,21,0,0,8,67,0,0,0,5,14,0,2,0,0,2,0,0,0,47,1,0,11,0,0,386,5,13,0,152,0,1298,6,0,0,0,0,106,478,0,0,8,3,0,22,91,60,1379.0,0,0,0,0,0,0,2,10,93,0,0.0,0,676,2,0,29,0,0,2916,15,8,0,0,2,0,28,8,12,173,9,1,17,0,24,0.0,19447,3,0,0,0,0,0,2,1,0
2020-03-03,0,0,157,10,0,3,8,23,12,0,0,25,0,0,0,0,14,3,0,20,0.0,1,3352,113,1,260,6,7,0,0,27,4,2,10,13,15,243,0,0,2,0,0,1,13,0,1,115,0,83,0,12,14,5,0,0,151,11,5,156,0,0,0,0,0,0,45,23,0,18,25,0,27,3.0,9,16,2,1,3,81,8,84,0,1,0,0,4,53,30,0,0,0,0,33,0,1,13534,11,0,0,0,0,39,55,1097,0,0,0.0,0.0,0,2,1,0,23,2309,1,0,0,1,35,0,0,21,3,6,0,0,0,0,0,4,0,0,1,4,0,0,0,0,1,19,1,0,8,51,4,55,26,5,55,0,6,2370,31,69,0,123,3526,2,1,53,0,0,0,13,7,3,2,4,12,3,0,22,13,0,1,0,12,9,60,0,63,3,0,15,0,117,0,0,18,7,0,4,18,21,0,0,0,0,2,0,11,7,0,6,9,7,1,0,2,1,2,1,11,0,0,0,0,0,6,0,292,11,1,2,9,88,2,57,739,8,0,0,0,5,0,2002,25,4,7,15,0,0,0,157,2,123,17,9,9,13,17,60,4,17,0,2,0,0,0,33,0,31,15,0,41,117,0,0,3,0,24,16,3,0,2,0,0,0,62,0,0,54,1,0,0,0,1,0,17,0,0,1,38,0,1,0,4,18,0,0,0,0,3,0,0,0,23,0,33,22,0,54,307,5,13,1,93,0,3774,21,0,0,1,0,71,388,0,0,23,2,3,26,37,35,2405.0,1,0,0,0,0,0,2,5,51,0,0.0,0,407,7,15,21,0,0,1772,10,5,0,3,5,0,27,7,15,110,9,1,4,0,42,0.0,19475,5,0,0,16,0,0,0,0,0
2020-03-04,0,1,72,7,0,2,9,18,6,0,0,9,0,0,0,0,9,5,6,34,0.0,1,1879,78,0,193,3,18,0,0,7,2,0,13,4,0,185,0,1,3,0,0,0,1,0,0,31,1,30,0,6,15,0,0,0,113,12,1,96,0,0,0,0,0,3,81,17,0,12,25,0,15,12.0,6,9,1,0,13,85,1,62,0,0,0,10,1,21,40,0,0,0,0,20,0,0,9664,29,0,0,0,0,25,13,1210,4,0,0.0,0.0,0,0,0,0,12,1395,0,2,0,0,21,1,0,0,2,3,1,6,0,0,0,0,0,0,0,3,0,0,0,2,2,13,1,0,11,19,0,13,9,4,38,0,1,1053,9,53,0,54,3233,0,2,7,0,0,0,19,2,23,4,0,7,0,0,15,10,0,0,0,0,4,33,3,63,1,0,5,0,120,0,0,9,1,0,0,8,33,0,0,0,0,0,3,29,5,0,19,2,4,6,7,3,2,0,0,9,0,0,0,0,0,0,0,278,19,1,0,4,70,4,39,223,4,0,0,0,1,0,1106,8,0,5,10,0,0,0,103,2,82,13,3,2,32,12,100,1,14,0,1,0,0,0,16,0,15,47,0,55,86,0,0,38,0,11,10,0,0,1,0,0,0,26,0,0,30,2,1,0,0,0,0,-7,0,0,1,15,0,0,0,3,10,0,1,1,1,3,0,1,0,17,0,11,34,1,1,211,3,6,1,84,0,1954,8,0,0,0,0,82,137,0,1,18,1,0,13,19,63,2786.0,0,0,0,0,0,0,1,4,29,0,0.0,0,152,2,0,21,0,1,937,13,4,0,16,4,0,23,4,7,135,5,0,3,0,14,0.0,13014,7,0,0,0,0,1,0,1,0
2020-03-05,0,5,81,10,0,0,4,17,9,0,0,4,0,0,0,0,11,1,4,10,0.0,0,1858,78,1,218,6,21,1,0,9,3,0,4,15,9,172,0,0,3,0,0,1,3,0,0,52,1,0,0,10,9,12,0,0,82,5,2,84,0,0,0,0,0,0,14,28,0,21,34,1,3,4.0,8,10,0,0,7,67,1,34,1,0,0,0,0,9,16,0,0,0,0,70,0,4,10225,7,0,0,0,0,25,33,924,0,0,0.0,0.0,0,0,0,1,36,1566,3,0,0,0,103,0,0,3,0,5,0,1,0,0,0,6,0,0,6,1,0,0,0,2,3,7,4,0,7,19,0,27,10,5,17,0,4,1209,14,41,0,50,3590,0,2,40,0,0,0,9,1,1,3,2,11,0,0,4,11,0,1,0,0,5,26,6,18,1,0,6,0,125,0,0,3,3,0,5,6,26,0,0,0,0,0,1,12,20,0,14,4,0,11,0,0,0,0,0,11,0,0,0,0,0,1,0,176,5,4,0,6,39,4,36,133,0,0,0,0,0,0,888,7,0,0,64,0,0,0,130,3,78,9,3,2,42,3,61,1,12,0,1,0,0,0,19,0,28,0,0,39,76,0,1,64,0,15,6,3,5,0,1,0,0,35,0,0,4,4,0,0,0,0,0,8,0,0,0,15,0,0,1,0,9,0,1,0,0,2,0,0,0,14,0,7,38,0,10,152,9,9,0,74,0,1597,10,2,0,0,0,82,841,0,3,0,0,1,7,13,0,1312.0,0,0,0,0,0,0,2,2,12,0,0.0,0,251,2,12,2,0,0,753,4,5,0,7,3,0,14,4,4,127,1,0,11,0,7,0.0,13282,0,0,0,0,0,1,0,0,0
2020-03-06,0,6,78,6,0,0,5,10,8,0,0,0,0,0,0,0,11,2,3,5,0.0,0,684,49,0,198,4,26,0,1,1,2,0,27,0,0,327,0,0,6,0,0,0,3,0,0,0,0,9,0,3,12,1,0,0,73,0,0,55,1,0,0,0,0,0,18,14,0,8,24,0,11,5.0,1,9,0,1,5,81,2,37,0,0,0,6,0,2,17,0,1,0,1,26,0,0,8306,2,0,0,0,0,88,40,838,1,0,0.0,0.0,0,0,0,3,33,891,1,0,0,-1,38,0,0,2,3,0,0,0,0,0,0,0,0,0,0,4,0,0,0,1,1,4,4,0,7,23,4,20,24,3,21,0,1,0,9,39,0,46,3497,3,0,67,0,0,0,6,2,2,4,0,12,0,0,4,6,0,0,0,3,2,41,8,21,0,0,3,0,231,4,0,0,0,0,4,9,15,0,0,0,0,1,1,26,8,0,7,0,1,6,0,0,2,0,0,10,0,0,0,0,0,3,0,155,1,1,0,1,20,3,23,191,2,0,0,0,0,0,822,7,0,5,106,0,0,0,130,0,51,12,0,1,22,4,5,3,7,0,1,0,0,0,6,0,5,42,0,27,57,1,1,17,0,7,16,1,1,6,0,0,0,26,0,0,14,0,0,0,1,0,0,21,0,0,4,17,0,0,4,3,5,0,2,0,0,3,0,0,0,12,0,22,40,0,27,56,1,6,0,76,0,1159,3,0,0,0,0,140,1,0,4,6,0,1,6,14,32,1812.0,0,0,0,0,0,0,0,2,1,0,0.0,0,342,0,1,2,0,0,718,15,1,0,8,3,0,8,0,11,73,6,0,0,0,8,0.0,9997,1,0,0,0,0,0,0,4,0
2020-03-07,0,3,58,6,0,0,10,6,11,0,0,0,0,0,0,1,3,1,3,9,0.0,2,3239,51,0,174,0,25,0,1,14,0,0,38,1,6,160,0,0,9,0,0,7,7,0,1,74,1,11,0,12,8,0,0,0,56,2,0,41,0,0,0,0,0,0,10,23,0,7,27,0,7,3.0,3,6,1,1,2,33,0,42,1,0,0,0,1,7,13,0,0,0,0,68,1,1,7849,6,0,0,1,0,1,26,785,0,0,0.0,0.0,0,1,0,2,4,1008,0,0,0,0,73,0,0,1,0,0,0,1,0,1,0,0,0,0,4,0,0,0,0,1,0,6,4,0,6,21,1,14,5,0,62,0,1,2654,18,20,0,28,2547,0,0,37,0,0,0,0,1,4,3,1,20,0,0,9,16,0,0,0,0,4,17,1,12,0,0,2,0,39,1,0,6,1,0,3,7,15,0,0,1,0,0,0,3,13,0,5,5,2,0,0,0,4,0,0,1,0,0,0,2,0,3,0,190,9,0,0,0,19,4,20,97,1,0,0,0,0,0,642,2,0,5,65,0,0,0,175,0,52,11,1,0,22,8,6,0,9,0,0,0,0,0,19,0,16,46,0,23,34,0,3,58,0,0,11,0,2,9,1,0,0,27,0,0,11,1,1,0,1,0,0,3,0,0,1,24,0,1,1,11,10,0,0,0,0,4,0,0,0,13,0,11,45,0,8,131,3,1,1,107,0,1453,5,0,0,1,1,133,507,0,3,3,0,1,8,17,7,1362.0,0,0,0,0,0,0,1,3,3,0,0.0,0,208,0,0,4,0,1,574,4,0,0,2,0,0,13,9,12,112,0,0,3,0,11,0.0,11971,1,0,0,0,0,0,0,12,0
2020-03-08,0,0,33,0,1,1,8,4,2,0,0,0,0,0,0,0,10,0,5,5,0.0,0,327,41,0,126,4,66,0,0,2,0,0,31,1,9,85,0,0,4,0,0,1,0,0,0,25,0,7,0,14,16,0,0,0,65,2,0,40,0,0,1,0,0,0,10,8,0,0,16,0,2,0.0,1,12,0,0,13,23,3,170,0,0,0,0,0,2,13,0,0,0,0,25,0,0,7165,1,0,0,0,0,90,20,595,0,2,0.0,0.0,0,0,0,0,7,784,2,0,0,0,18,0,0,0,0,0,0,0,0,0,0,0,0,0,1,0,0,0,0,1,0,2,5,0,3,32,0,7,5,2,0,0,2,0,12,27,0,26,2651,0,6,58,0,0,0,0,4,2,3,0,0,0,0,1,9,0,0,0,1,0,6,2,7,0,0,1,0,9,0,0,3,3,0,0,0,13,0,0,0,0,0,2,0,10,1,4,0,1,3,1,0,0,0,0,1,0,0,0,0,0,1,0,111,4,0,0,1,8,2,14,106,0,0,0,0,0,0,490,8,0,0,46,0,0,0,180,0,41,0,1,1,17,3,2,5,13,0,1,0,0,0,6,0,5,0,0,14,17,0,0,0,0,8,8,4,5,0,1,0,0,21,0,0,6,0,2,0,0,0,0,8,0,0,1,17,0,2,0,6,12,0,0,0,0,2,0,0,0,9,0,11,39,0,-1,56,4,2,0,110,0,1502,1,0,0,0,0,188,216,0,3,1,0,1,9,9,5,1277.0,1,0,0,0,0,0,1,6,1,0,0.0,0,134,2,11,0,0,0,428,2,0,0,0,0,0,9,5,8,84,0,0,5,0,2,0.0,8112,0,0,0,0,0,0,0,0,0
2020-03-09,0,0,22,0,0,0,5,5,4,0,0,0,0,0,0,0,2,3,1,0,0.0,0,1653,29,1,96,0,17,0,0,6,0,0,108,0,3,47,0,0,12,0,0,0,-1,0,4,18,0,7,0,5,1,0,0,0,21,0,0,23,0,0,0,0,0,1,6,15,0,6,16,0,1,0.0,9,4,3,0,4,30,1,275,0,0,0,0,0,0,8,0,0,0,0,3,0,0,5043,0,0,0,0,0,7,2,497,1,1,0.0,0.0,0,0,0,2,9,353,0,0,0,0,10,0,0,0,0,3,0,0,0,0,0,1,0,0,4,0,0,0,1,3,0,9,8,0,3,4,0,6,11,5,7,0,1,1075,0,9,0,24,2313,1,1,56,0,0,0,0,0,0,0,0,8,0,0,8,9,0,0,0,2,0,10,12,12,0,0,0,0,20,0,0,4,0,0,0,3,3,0,0,0,0,0,1,5,2,0,2,1,0,0,0,0,1,0,0,3,0,0,0,0,0,6,0,121,3,1,0,0,8,4,13,43,0,0,0,0,0,0,332,2,1,2,92,0,0,0,227,0,29,2,0,0,5,6,1,0,6,0,0,0,0,0,2,0,6,3,0,22,20,0,0,238,0,5,7,1,4,0,0,0,0,18,0,0,8,0,1,0,0,0,0,7,0,0,0,25,0,6,1,0,7,0,0,0,1,0,0,0,0,12,0,3,23,0,4,41,3,1,3,114,0,541,0,0,1,0,0,145,136,0,0,1,0,1,2,2,11,894.0,0,0,0,0,0,0,0,1,0,0,0.0,0,73,0,0,0,0,0,284,1,0,0,0,1,0,4,2,1,98,6,0,0,0,3,0.0,7120,1,0,0,0,0,0,0,0,0
2020-03-10,0,3,9,0,0,0,4,7,0,0,0,0,0,0,0,0,2,0,0,0,0.0,0,2375,21,0,49,2,38,0,0,79,0,0,58,6,3,28,0,0,8,0,0,2,7,0,3,9,0,7,0,0,2,1,0,0,14,1,0,16,0,0,0,0,0,1,4,24,0,0,6,0,0,1.0,4,2,0,0,0,24,0,184,0,0,0,0,1,2,0,0,0,0,0,1,0,0,3185,0,0,0,0,0,18,14,372,0,0,0.0,0.0,0,0,0,1,5,389,0,0,0,0,0,0,0,0,0,0,0,0,0,0,0,0,0,0,12,0,0,1,0,15,2,5,13,0,1,16,0,8,6,1,8,0,5,1839,0,10,0,26,977,0,1,44,0,0,0,0,0,0,2,0,3,0,0,0,18,0,0,0,0,2,2,16,2,0,0,0,0,12,2,0,1,0,0,1,3,51,0,0,0,0,0,5,0,0,0,1,0,0,2,0,0,0,0,0,0,0,0,0,0,0,1,0,61,0,0,0,1,4,0,10,33,0,0,0,0,0,0,322,0,0,0,164,0,0,0,182,0,21,0,1,0,2,1,3,5,7,0,4,0,0,0,4,0,2,16,0,7,2,0,0,6,0,0,2,0,6,2,5,0,1,14,0,0,0,0,2,0,0,0,0,11,0,0,0,0,7,12,0,0,8,0,0,0,1,2,0,0,0,6,0,0,9,0,6,25,2,2,5,242,0,501,1,0,0,0,0,91,142,0,3,3,0,0,3,8,6,817.0,2,0,0,0,0,0,0,1,1,0,0.0,0,62,0,0,0,0,0,291,1,0,0,0,0,0,4,6,2,108,2,0,3,0,1,0.0,5937,0,0,0,0,0,0,0,0,0
2020-03-11,0,0,13,0,0,0,4,3,0,0,0,0,0,0,0,0,5,1,0,0,0.0,0,239,14,0,45,0,40,0,0,1,0,0,52,1,0,0,0,0,42,0,0,0,2,0,15,0,17,5,0,6,0,1,0,0,38,0,0,11,0,0,0,0,0,1,3,19,0,2,4,0,1,0.0,0,1,0,0,2,8,0,121,3,0,0,0,0,0,4,0,0,0,0,2,0,0,2933,0,0,0,1,0,10,1,203,0,0,0.0,0.0,0,0,0,0,6,73,0,0,0,0,16,0,0,0,0,1,0,0,0,0,0,0,0,0,19,0,0,0,0,13,0,1,17,0,3,7,0,4,13,2,13,0,8,0,6,3,0,11,1797,0,0,41,0,0,0,0,0,0,2,0,4,0,0,2,9,0,0,0,0,0,1,26,0,0,0,0,0,0,2,0,1,0,0,0,1,13,0,0,0,0,0,4,0,0,0,0,0,0,0,0,1,0,0,0,1,0,0,0,0,0,0,0,56,0,0,0,0,5,0,7,38,0,0,0,0,0,0,191,5,0,4,153,0,0,0,61,0,14,3,0,2,3,0,9,5,1,0,0,0,0,0,4,0,2,13,0,3,8,0,0,0,0,0,3,0,0,0,5,0,1,2,0,0,3,0,7,0,0,0,0,15,0,0,0,5,8,4,18,0,3,0,0,0,0,0,0,0,0,10,0,1,9,0,4,12,0,1,0,35,0,324,0,0,0,0,0,60,42,0,11,0,0,0,1,0,3,626.0,6,0,0,0,0,0,0,3,0,0,0.0,0,41,0,29,0,0,0,179,0,0,0,0,0,0,4,1,5,31,0,0,0,0,1,0.0,3402,0,0,0,0,0,0,0,0,0
2020-03-12,0,0,10,0,0,0,2,2,1,0,0,0,0,0,0,0,3,0,0,0,0.0,0,981,12,0,8,0,177,0,0,24,3,0,134,0,0,70,0,0,47,0,0,0,0,0,6,6,17,0,0,0,0,0,0,0,-3,0,0,7,0,0,0,0,0,0,3,40,0,0,0,0,-1,1.0,4,0,0,0,0,6,0,8,0,0,0,3,0,1,7,0,0,0,0,0,0,0,2882,0,0,0,0,0,7,1,260,0,0,0.0,0.0,0,0,0,4,4,304,0,0,0,21,7,0,0,0,0,0,0,0,0,0,0,0,0,0,40,1,0,0,0,51,0,2,36,0,4,8,0,1,4,2,0,0,0,595,11,2,0,14,1492,0,0,41,0,0,0,0,0,0,3,0,3,0,0,4,4,0,0,0,0,0,0,54,2,0,0,0,0,24,2,0,0,0,0,2,2,15,0,0,0,0,0,6,0,0,0,1,0,0,0,0,0,0,0,0,0,0,0,0,0,0,2,0,77,2,0,0,0,2,0,7,16,0,0,0,0,1,0,131,0,0,0,-113,0,0,0,21,0,12,0,0,0,4,7,1,1,0,0,0,6,0,0,2,2,1,14,0,9,6,0,0,6,0,1,0,0,27,0,3,0,2,2,0,0,2,0,0,0,0,2,0,10,0,0,0,4,12,19,4,0,0,0,0,0,0,0,0,0,0,12,0,3,4,0,0,14,0,4,0,165,0,386,0,1,0,0,0,43,64,0,12,0,0,0,2,0,0,959.0,4,0,0,0,0,0,0,1,0,0,0.0,0,71,0,0,0,0,0,112,0,0,0,0,0,0,3,9,1,26,1,0,2,0,0,0.0,4030,0,0,0,0,0,0,0,0,0
2020-03-13,0,3,35,0,0,0,0,0,0,0,0,0,0,0,0,0,1,2,0,0,0.0,0,2263,8,0,30,0,0,0,0,25,0,0,58,2,0,60,0,0,37,0,0,0,0,0,14,5,4,6,0,0,4,0,0,0,19,1,0,8,0,0,0,0,0,0,2,44,0,0,0,0,1,0.0,4,1,0,0,0,7,0,4,0,0,0,0,0,0,33,0,0,0,0,0,0,0,2195,2,0,0,0,0,8,5,296,5,0,0.0,0.0,0,0,0,1,4,155,0,0,3,0,20,0,0,0,0,0,0,0,0,0,0,0,0,0,11,0,0,0,0,49,0,5,41,0,0,5,0,0,8,0,2,0,0,1819,8,1,0,4,1247,0,0,26,0,0,0,0,1,0,0,0,1,0,0,1,6,0,0,0,0,0,0,101,0,0,0,0,0,10,2,0,2,0,0,0,0,5,0,0,0,0,0,10,1,0,1,0,0,1,1,0,0,0,0,0,0,0,0,0,0,0,0,0,60,0,0,0,2,0,0,5,45,0,0,0,0,0,0,131,0,0,0,248,0,0,0,21,0,8,0,0,0,2,4,0,3,0,0,1,0,0,0,2,0,5,1,0,1,10,0,0,1,0,0,1,0,50,0,0,1,0,4,0,0,2,0,26,0,0,0,0,3,2,0,0,6,15,38,17,0,0,0,0,0,0,0,0,0,0,8,0,2,4,0,2,19,0,0,0,272,0,123,0,0,0,0,0,24,52,0,14,0,0,0,0,0,0,1341.0,15,0,0,0,0,0,0,0,0,0,0.0,0,45,0,0,0,0,0,118,0,0,0,0,1,0,1,4,1,24,1,0,1,0,0,0.0,4651,0,0,0,0,0,0,0,0,0
2020-03-14,0,0,16,0,0,0,0,1,2,0,0,0,0,0,0,0,6,1,0,0,0.0,0,1913,10,0,27,3,115,0,0,5,0,0,123,4,0,59,0,0,42,0,0,0,1,0,17,6,8,0,0,0,0,0,0,0,36,0,1,5,0,0,0,0,0,0,1,100,0,1,6,0,1,0.0,0,1,0,0,0,7,0,3,0,0,0,1,0,1,12,0,0,0,0,0,0,0,1602,0,0,0,4,0,0,3,230,0,0,0.0,0.0,0,0,0,17,1,115,0,0,0,0,15,0,0,0,0,1,0,0,0,0,0,0,0,0,59,1,0,0,0,55,0,3,74,0,1,8,0,1,0,1,0,0,0,1234,6,5,0,4,778,0,0,54,0,0,0,0,0,0,1,0,3,0,0,0,6,0,0,0,0,0,0,23,1,0,0,0,0,0,0,0,1,0,0,0,0,4,0,0,0,0,0,12,0,0,0,1,0,0,0,0,0,0,0,0,0,0,0,0,0,0,1,0,46,1,0,0,0,2,0,7,22,1,0,0,0,0,1,114,1,0,2,218,0,0,0,35,0,11,0,1,0,3,0,0,9,0,0,0,0,0,0,2,0,1,0,0,4,6,0,0,3,0,1,1,0,19,1,6,0,2,2,0,0,9,0,0,0,0,0,0,2,2,0,0,0,3,10,12,0,0,0,0,0,0,3,0,0,0,13,0,1,2,0,0,16,0,2,0,448,0,73,0,0,0,0,0,36,84,0,9,1,0,1,0,6,3,823.0,17,0,0,0,0,1,0,0,0,0,0.0,0,48,0,17,0,0,0,108,1,0,0,0,0,0,1,1,0,11,0,0,0,0,0,0.0,3672,0,0,0,0,0,0,0,0,0
2020-03-15,0,0,3,0,0,0,0,1,0,0,1,0,0,0,0,0,1,0,0,0,0.0,0,1097,6,0,10,3,258,0,0,3,0,0,205,4,0,0,0,0,67,0,1,0,0,0,23,5,3,8,0,0,0,0,0,0,13,0,1,13,0,0,0,0,0,0,1,143,0,0,2,0,0,0.0,1,0,0,0,0,4,0,5,0,0,0,0,0,3,1,0,0,0,0,8,0,0,1496,0,0,0,2,0,3,1,138,0,0,0.0,0.0,0,0,0,11,0,228,0,1,0,0,21,0,0,0,0,1,0,0,0,0,0,0,0,0,4,0,0,0,0,83,0,1,126,0,2,11,0,1,3,0,2,0,0,0,5,7,0,2,769,0,0,50,0,0,0,0,0,0,0,0,0,0,0,0,1,0,0,0,0,0,0,34,1,0,0,0,0,33,0,0,0,0,0,0,3,2,0,0,0,0,0,5,0,0,0,0,0,0,0,0,0,0,0,0,0,0,0,0,0,0,0,0,44,1,0,0,0,1,0,6,11,1,0,0,0,0,0,86,0,0,0,253,0,0,0,35,0,7,0,0,1,3,0,1,3,0,0,0,0,0,0,0,0,0,2,0,0,1,0,0,0,0,1,0,0,47,0,2,0,0,1,0,0,0,0,-8,0,0,0,0,5,2,0,0,3,2,37,43,0,1,1,0,0,0,1,0,0,0,5,0,0,5,0,1,10,0,0,0,827,0,81,0,0,0,0,0,49,39,0,71,2,0,0,1,2,0,471.0,5,0,0,0,0,0,0,0,0,0,0.0,0,26,0,0,0,0,0,72,0,0,1,0,0,0,0,0,0,34,0,0,0,0,0,0.0,2699,0,0,0,0,0,0,0,0,0
2020-03-16,0,0,12,0,0,0,0,0,9,0,0,0,0,0,0,0,0,0,0,0,0.0,0,1523,12,0,10,0,278,0,0,3,0,0,181,4,0,35,0,0,17,0,0,0,2,0,10,1,3,1,0,0,0,0,0,0,8,0,0,1,0,0,0,0,0,0,2,142,0,0,0,0,0,0.0,0,1,0,0,0,3,0,5,0,0,0,0,0,3,0,0,0,0,0,0,0,0,1081,0,0,0,5,0,5,0,73,0,0,0.0,0.0,0,0,0,0,0,109,0,0,0,0,2,0,0,0,0,0,0,0,0,0,0,0,0,0,98,0,0,1,0,56,0,2,134,0,2,10,0,0,0,0,0,0,0,1177,3,4,0,0,587,0,0,32,0,0,0,0,0,0,0,0,2,0,0,0,2,0,0,0,0,0,0,104,0,0,0,0,0,0,0,0,0,0,0,0,0,0,2,0,0,0,0,1,0,0,3,0,0,0,0,0,0,0,0,0,1,0,0,0,0,0,0,0,15,0,0,0,0,1,0,6,9,1,0,0,0,0,0,34,0,0,0,134,0,0,0,33,0,13,0,0,3,0,0,0,4,0,0,0,0,0,0,0,0,0,0,0,0,3,0,0,0,0,0,2,0,157,0,7,0,0,2,0,0,1,0,53,0,0,0,0,6,1,0,0,1,30,10,20,2,0,0,0,0,0,0,0,1,0,2,0,0,1,0,0,6,3,0,0,145,0,83,0,0,0,0,0,20,32,0,16,0,0,0,0,1,4,1866.0,4,0,0,0,0,0,0,0,0,0,0.0,0,37,0,1,0,0,0,33,0,0,0,0,0,0,0,0,0,14,0,0,1,0,0,0.0,2669,0,0,0,0,0,0,0,2,0
2020-03-17,0,0,4,0,0,0,0,0,3,0,0,0,0,0,0,0,1,1,0,0,0.0,0,635,6,0,9,0,374,0,1,0,0,0,42,0,5,7,0,0,45,0,0,0,0,0,-21,0,1,4,0,0,0,0,0,0,8,0,0,6,0,0,0,5,0,0,1,115,0,0,0,0,0,0.0,0,1,0,0,0,0,0,4,0,0,0,0,0,0,0,0,0,0,0,1,0,0,703,0,0,0,9,0,0,1,21,0,0,0.0,0.0,0,0,0,0,0,75,0,0,3,0,1,0,0,0,0,0,0,0,0,0,0,0,0,0,50,0,0,0,0,31,0,2,115,0,0,7,0,0,22,0,0,0,0,0,6,1,0,3,466,0,0,16,0,0,0,0,0,0,0,0,0,0,0,0,0,0,0,0,1,0,0,-66,0,0,0,0,0,21,0,0,0,0,0,0,0,0,2,0,0,0,0,-6,0,0,2,0,0,0,0,0,0,0,0,0,0,0,0,0,0,0,0,0,5,0,0,0,1,0,0,3,1,1,0,0,0,0,0,28,1,0,0,564,0,0,0,8,0,7,0,0,6,2,0,0,0,0,0,0,0,0,0,0,14,0,0,0,1,1,0,0,1,0,0,1,0,117,0,2,0,4,1,0,0,0,0,-10,0,0,0,0,2,0,0,0,0,-19,42,4,1,0,3,0,0,0,0,0,0,0,2,0,0,0,0,0,2,1,0,0,435,0,41,0,0,0,0,0,17,16,0,12,0,0,0,0,0,0,1982.0,-4,0,0,0,0,0,0,0,0,0,0.0,0,12,0,6,0,0,0,22,0,0,0,0,0,0,1,0,0,9,0,0,0,0,0,0.0,1379,0,0,0,0,0,0,0,0,0
2020-03-18,0,0,5,0,0,0,0,0,2,0,0,0,0,0,0,0,0,0,0,0,0.0,0,1863,5,0,3,0,130,0,0,2,0,0,134,0,0,0,0,0,46,0,0,0,0,0,19,0,12,0,0,0,0,0,0,0,9,0,0,3,0,0,0,4,0,0,0,125,0,0,0,0,0,0.0,0,0,0,0,0,2,0,2,42,0,0,0,0,1,0,0,0,0,8,0,0,0,506,0,0,0,4,0,1,0,61,0,0,0.0,0.0,0,0,0,0,2,15,0,0,2,0,0,0,0,0,0,0,0,0,0,0,0,0,0,0,48,0,0,0,0,59,0,2,114,0,0,6,0,1,1,0,0,0,0,835,5,0,0,2,332,0,0,27,0,0,0,1,0,0,0,0,0,0,0,1,3,3,0,0,0,0,0,153,0,0,0,0,0,0,0,0,0,0,0,0,0,1,3,0,0,0,0,11,1,0,8,0,0,0,0,0,0,0,0,0,1,0,0,0,0,0,-44,0,8,0,0,0,1,0,0,4,0,0,0,0,0,0,0,25,0,0,0,267,0,0,0,6,0,5,0,0,0,3,2,1,0,0,0,0,7,0,0,0,0,0,0,0,0,2,0,0,4,0,0,1,0,32,1,12,0,9,0,0,0,1,0,13,0,0,0,0,0,3,0,0,1,47,16,32,1,0,1,0,0,0,1,0,0,0,2,0,0,0,0,0,1,0,0,0,851,0,38,0,0,0,0,0,1,21,0,76,1,0,0,0,3,0,2160.0,23,0,0,0,0,0,0,1,0,0,0.0,0,5,1,0,0,0,0,21,0,0,0,0,0,0,0,0,0,3,0,0,0,0,0,0.0,2405,0,0,0,0,0,0,0,7,0
2020-03-19,3,0,3,0,3,0,0,0,2,0,2,1,0,0,0,0,0,0,0,1,0.0,0,1986,6,0,5,0,546,0,27,6,0,0,449,1,0,7,0,0,182,0,0,0,0,0,42,0,11,0,0,0,0,0,0,0,3,0,0,4,0,0,0,11,0,0,0,203,0,0,0,0,0,0.0,0,2,0,0,0,3,0,1,0,0,0,1,0,5,1,0,0,0,2,0,0,0,765,0,0,0,16,0,3,2,30,0,0,0.0,0.0,0,0,0,0,0,71,0,0,4,0,0,0,0,0,0,1,0,0,0,0,0,0,0,0,74,0,0,0,0,250,0,3,196,0,0,2,0,0,2,0,2,0,0,908,8,0,0,3,576,0,0,15,0,0,0,0,0,0,0,0,11,0,0,0,3,1,0,0,0,0,0,191,0,0,0,0,0,4,0,0,0,0,0,0,0,0,0,0,0,0,0,42,1,0,14,0,0,0,0,0,0,0,0,0,0,0,0,0,0,0,0,0,3,0,0,0,0,0,0,4,1,0,0,0,0,0,1,21,0,0,0,661,0,0,0,4,0,6,0,0,0,4,0,0,0,0,0,0,10,1,1,0,12,0,0,0,0,2,0,0,2,0,0,0,0,163,1,20,0,9,0,0,0,0,0,11,0,0,0,0,7,10,0,0,0,35,77,43,0,0,1,0,0,2,0,0,0,0,4,0,0,0,0,0,5,0,0,0,809,0,28,0,0,0,0,0,2,5,0,46,1,0,1,0,0,1,2097.0,24,0,0,0,1,0,0,0,0,0,0.0,0,13,0,0,0,0,0,15,0,0,0,0,0,0,1,0,0,8,0,0,0,0,0,0.0,2786,0,0,0,0,0,0,0,1,0
2020-03-20,4,0,0,0,1,0,0,0,0,1,0,0,0,0,0,0,0,0,0,0,0.0,0,973,2,0,1,2,591,0,3,3,0,0,709,2,0,0,0,0,158,0,0,0,0,0,58,1,41,1,0,0,0,0,0,0,0,0,0,5,0,0,0,35,0,0,0,572,0,0,0,0,0,0.0,0,1,0,0,0,0,0,0,0,0,0,0,0,1,0,0,0,0,2,0,0,0,324,0,0,0,45,0,0,0,43,0,0,0.0,0.0,0,0,0,0,0,0,0,0,3,0,3,0,0,0,0,0,0,0,0,0,0,0,0,0,154,0,0,0,0,131,0,1,570,0,0,0,0,1,0,0,0,0,0,0,5,1,0,0,239,0,0,0,0,0,0,0,0,0,0,0,0,0,0,0,3,0,0,0,0,0,0,134,1,0,0,0,0,0,0,0,0,0,0,0,0,0,2,1,0,0,0,33,1,0,6,0,0,0,0,0,0,0,0,0,0,0,0,0,0,0,0,0,5,0,0,0,0,0,0,1,0,0,0,0,0,0,0,11,0,0,0,464,0,0,0,9,0,2,0,0,0,4,0,2,0,0,0,0,9,0,1,0,2,0,0,3,0,0,0,0,1,0,0,0,0,164,0,44,0,9,0,1,0,0,0,47,0,0,0,0,0,1,0,0,0,40,119,64,0,0,0,0,0,0,0,0,0,0,4,0,0,0,0,0,2,0,0,0,376,0,13,0,0,0,0,0,1,4,0,110,1,0,0,0,0,0,2732.0,51,0,0,0,0,0,0,0,0,0,0.0,0,3,0,2,0,0,0,5,0,0,0,0,0,0,1,0,0,4,0,0,0,0,0,0.0,1312,0,0,0,0,0,0,0,0,0
2020-03-21,2,0,0,0,2,0,0,0,0,0,8,0,0,0,0,0,0,0,0,0,0.0,0,1477,1,0,4,1,922,0,8,2,0,0,559,1,0,0,0,0,135,0,0,0,0,0,62,0,21,0,0,0,0,0,0,0,1,0,0,1,0,0,0,13,0,0,0,427,0,0,0,0,0,0.0,0,0,0,0,0,0,0,2,0,0,0,0,0,0,0,0,0,0,13,0,0,0,324,0,0,0,13,0,1,0,16,0,0,0.0,0.0,0,0,0,0,0,30,0,0,5,0,0,0,0,0,0,1,0,0,0,0,0,0,0,0,1,0,0,0,0,267,0,0,423,1,0,1,0,0,0,0,0,0,0,205,1,0,0,3,234,0,0,15,0,0,0,0,0,0,0,0,0,0,0,0,1,0,0,0,0,0,0,220,0,0,0,0,0,0,0,0,0,0,1,0,0,0,7,1,0,0,0,34,3,0,3,0,0,0,0,1,0,0,0,0,0,0,0,0,0,0,2,0,0,0,0,0,0,0,0,0,0,0,0,0,0,0,1,10,0,0,0,45,0,0,0,2,0,1,0,0,0,1,1,0,0,0,0,0,11,0,0,0,0,0,0,1,0,0,0,0,0,0,0,1,0,137,0,10,5,23,2,0,0,0,0,41,0,0,0,0,0,30,0,0,0,8,173,42,0,0,4,0,0,0,0,0,0,0,2,0,0,0,0,0,0,0,0,0,813,0,19,0,0,0,0,0,4,7,0,63,5,0,0,0,0,1,4059.0,38,0,0,0,1,0,0,0,0,0,0.0,0,1,0,0,0,0,0,6,0,0,0,0,0,0,0,0,0,2,0,0,0,0,0,0.0,1812,0,0,0,0,0,0,0,0,0
2020-03-22,2,0,1,0,0,0,0,0,0,0,15,0,0,0,1,0,0,0,0,0,0.0,0,1087,1,0,2,0,139,0,8,3,0,0,690,0,1,0,0,0,158,0,0,0,0,0,20,0,23,0,0,0,0,0,0,0,0,0,0,2,0,0,0,44,0,0,0,327,0,0,0,0,0,0.0,0,2,0,0,0,0,0,0,0,0,0,0,0,0,0,0,0,0,0,0,0,0,270,0,0,0,17,0,0,0,23,0,0,0.0,0.0,0,0,0,0,0,22,0,0,1,0,3,0,0,0,0,1,0,0,0,0,0,0,0,0,285,0,1,0,0,95,0,2,318,0,0,0,0,0,0,0,0,0,0,143,1,0,0,1,185,0,0,19,0,1,0,0,0,0,0,0,2,0,0,0,1,0,0,0,0,1,0,283,0,0,0,0,0,3,0,0,0,0,1,0,0,0,5,0,0,0,0,7,0,0,45,0,0,0,0,0,0,0,0,0,0,0,0,0,0,0,0,0,2,0,0,0,0,0,0,0,0,1,0,0,0,1,0,2,0,0,0,3,0,0,0,3,0,2,0,0,2,1,0,0,0,0,0,0,7,0,2,0,7,0,0,0,0,0,0,0,0,0,1,0,0,115,0,67,3,12,0,2,2,0,0,0,0,0,0,0,1,6,0,0,0,23,39,39,0,0,0,0,0,0,0,0,4,0,3,0,0,0,0,0,0,0,0,0,571,0,12,0,0,0,0,0,5,4,0,172,2,0,0,0,0,1,15187.0,29,1,0,0,0,0,0,0,0,0,0.0,0,4,0,6,0,0,0,0,0,0,0,0,0,0,0,0,0,0,0,0,1,0,0,0.0,1362,0,0,0,0,0,0,0,0,0
2020-03-23,0,0,0,0,0,0,0,0,0,0,6,0,0,0,0,0,0,0,0,0,0.0,0,1131,0,0,1,0,4,0,14,7,0,0,1242,10,0,0,0,0,53,0,0,0,0,0,14,0,5,1,0,0,0,0,0,0,1,0,0,1,0,0,0,51,0,0,0,433,0,0,0,0,0,1.0,0,1,0,0,0,0,0,1,0,0,0,0,0,0,0,0,0,0,3,1,0,0,142,0,0,0,16,0,1,0,1,0,0,0.0,0.0,2,0,0,0,0,9,0,0,2,0,1,0,0,0,0,0,0,0,0,0,0,0,0,0,71,0,5,0,1,172,0,7,409,1,0,0,0,0,0,0,0,0,0,106,1,0,0,1,113,0,0,40,0,0,0,0,0,0,0,0,25,0,0,0,1,0,0,0,0,0,0,177,0,0,0,0,0,0,0,0,0,0,0,0,0,0,0,0,0,0,0,0,0,0,45,0,0,0,0,0,0,0,0,0,0,0,0,0,0,0,2,0,0,0,0,0,0,0,0,0,0,0,0,0,0,0,1,4,0,0,1,2070,0,0,0,1,0,0,0,0,0,0,0,2,0,0,0,0,6,1,1,0,5,0,0,2,0,0,0,0,0,0,0,0,0,124,0,47,4,14,1,0,0,0,0,13,0,0,0,0,0,11,0,0,0,1,47,36,0,0,0,0,0,0,1,0,3,0,2,0,0,0,0,0,0,0,0,0,505,0,4,0,0,0,0,0,1,3,0,114,0,0,0,0,0,0,2076.0,33,0,0,0,3,0,0,0,0,0,0.0,0,2,0,0,0,0,0,3,0,0,0,0,0,0,0,0,0,0,0,0,0,0,0,0.0,1277,0,0,0,5,0,0,0,0,0
2020-03-24,6,0,1,0,2,0,0,0,1,0,15,0,0,0,0,0,0,0,0,0,0.0,0,781,1,0,2,0,1537,0,13,18,0,0,862,0,0,0,0,0,143,0,0,0,0,0,55,1,13,0,0,0,0,0,0,0,0,0,0,0,0,0,0,19,0,0,0,404,0,0,0,0,0,0.0,0,2,0,0,0,0,0,0,0,0,0,0,0,0,0,0,0,0,4,0,0,0,106,0,0,0,27,0,0,0,5,0,0,0.0,0.0,0,0,0,0,0,2,0,0,4,0,0,0,0,0,0,0,0,0,0,0,0,0,0,0,100,0,1,0,0,273,0,1,401,0,0,0,0,0,0,0,0,0,0,44,0,0,0,0,87,0,0,12,0,0,0,0,0,0,0,0,10,0,0,0,0,0,0,0,0,0,0,281,0,0,0,0,0,0,0,0,0,0,6,0,0,0,2,5,0,0,0,27,0,0,2,0,0,0,0,0,0,0,0,0,0,0,0,0,0,0,4,0,0,0,0,0,0,0,0,0,0,0,0,0,0,0,0,4,0,0,0,703,0,0,0,0,0,1,0,0,2,0,0,0,0,0,0,0,9,1,0,0,0,0,0,0,0,0,0,0,0,0,0,0,0,193,0,72,0,12,0,0,0,0,0,137,0,0,0,0,0,39,0,0,0,109,158,95,0,0,5,0,0,0,0,0,2,0,1,0,0,0,0,0,1,0,0,0,284,0,7,0,0,0,0,0,0,1,0,65,2,0,0,0,0,3,2484.0,78,0,0,0,2,0,0,0,0,0,0.0,0,0,0,0,0,0,0,4,0,0,0,0,0,0,1,0,0,0,0,0,0,0,0,0.0,894,0,0,0,0,0,0,0,0,0
2020-03-25,6,0,0,0,2,0,0,0,0,0,7,0,0,0,0,0,0,0,0,0,0.0,0,742,0,0,0,0,721,0,8,7,0,0,804,1,0,0,0,0,208,0,0,0,0,0,86,0,17,0,0,0,0,0,0,0,0,0,0,1,0,0,0,18,0,0,0,510,1,0,0,0,0,0.0,0,0,0,0,0,0,0,0,0,0,0,0,0,0,0,0,0,0,6,0,0,0,56,0,0,0,0,0,0,0,0,0,0,,,1,0,0,0,0,0,0,0,2,0,0,0,0,0,0,2,1,0,0,0,0,0,0,0,219,0,0,0,0,134,0,5,499,0,0,0,0,0,0,0,0,0,0,48,4,0,0,0,55,0,0,14,0,0,0,0,0,0,0,0,5,0,0,0,0,0,0,0,0,0,0,376,0,0,0,0,0,0,0,0,0,0,0,0,0,0,1,1,0,0,0,19,0,0,3,0,0,0,0,0,0,0,0,0,0,0,0,0,0,0,18,0,0,0,0,0,0,0,0,0,0,0,0,0,0,0,0,19,0,0,0,879,0,0,0,0,0,0,0,0,2,1,0,0,0,0,0,0,16,0,2,0,4,0,0,2,0,0,0,0,0,0,0,0,0,221,0,65,1,25,0,2,6,0,0,66,0,0,0,0,0,2,0,0,0,54,148,99,0,0,1,0,0,1,1,1,2,0,1,0,0,0,0,0,0,0,0,0,144,0,1,0,0,0,0,0,0,0,0,52,0,0,0,0,0,2,3047.0,67,0,0,0,0,0,0,0,0,0,0.0,0,0,0,0,0,0,0,18,0,0,0,0,0,0,0,0,0,0,0,0,0,0,0,0.0,817,0,0,0,0,0,0,0,0,0
2020-03-26,1,1,0,0,0,0,0,0,0,1,13,0,0,0,0,0,0,0,0,0,0.0,0,523,0,0,0,0,1214,0,20,1,0,0,1435,0,0,0,0,0,228,0,0,0,0,0,48,0,11,0,0,0,0,0,0,0,0,0,0,1,0,0,0,35,0,0,0,214,2,0,0,0,0,0.0,0,0,0,0,0,0,0,0,0,0,0,0,0,0,0,0,0,0,0,0,0,0,102,0,0,0,40,0,0,0,0,0,0,,,0,0,0,0,0,0,0,0,10,0,0,0,0,0,0,3,2,0,0,0,0,0,0,0,3,0,0,0,0,403,0,9,203,0,0,0,0,0,0,0,0,0,0,4,0,0,0,1,98,0,0,57,0,0,2,0,0,0,0,0,3,0,0,0,0,0,0,0,0,0,0,207,0,0,0,0,0,0,0,0,0,0,2,0,0,0,1,3,0,0,0,26,0,0,20,0,0,0,0,0,0,0,0,0,0,0,0,0,0,0,0,0,0,0,0,0,0,0,0,0,0,0,0,0,0,0,0,1,0,0,0,727,0,0,0,0,0,0,0,0,0,1,0,0,0,0,0,0,21,2,6,0,2,0,0,1,0,0,0,0,0,0,0,0,0,225,0,51,5,45,0,0,0,0,0,30,0,0,0,0,0,13,0,0,0,43,182,98,0,0,0,0,0,1,0,0,1,0,0,0,0,0,0,0,0,0,0,0,231,0,0,0,0,0,0,0,0,0,0,190,2,0,0,0,0,0,2644.0,74,0,0,0,0,0,0,0,0,0,,0,4,0,0,0,0,0,0,0,0,0,0,0,0,0,0,0,0,0,0,0,0,0,0.0,626,0,0,0,57,0,0,0,0,0
2020-03-27,1,0,0,0,0,0,0,0,0,0,14,0,0,0,0,0,0,0,0,0,0.0,0,875,1,0,0,0,878,0,11,0,0,0,1488,0,0,0,0,0,299,0,0,0,0,0,60,0,30,0,0,0,0,0,0,0,0,0,0,0,0,0,0,47,0,0,0,645,1,0,0,0,0,0.0,0,0,0,0,0,0,0,0,0,0,0,0,0,0,0,0,0,0,8,0,0,0,83,0,0,0,30,0,0,0,0,0,0,,,0,0,0,0,0,0,0,0,10,0,0,0,0,0,0,3,0,0,0,0,0,0,0,0,428,0,2,1,1,166,0,2,630,3,0,0,0,0,0,0,0,0,0,15,1,0,0,0,83,0,0,36,0,0,0,0,0,0,0,0,0,0,0,0,0,0,0,0,0,0,0,463,0,0,0,0,0,0,0,0,0,0,3,0,0,0,3,0,0,0,0,15,0,0,36,0,0,0,0,0,0,0,0,0,0,0,0,0,0,0,0,0,0,0,0,0,0,0,0,0,0,0,0,0,0,0,0,0,0,0,0,1311,0,0,0,0,0,1,0,0,0,0,0,0,0,0,0,0,17,4,0,0,8,0,0,0,0,0,0,0,0,0,0,1,0,155,0,72,9,27,0,1,2,0,0,72,0,0,0,0,0,27,0,0,0,40,164,137,0,0,0,0,0,4,0,0,0,0,3,0,0,0,0,0,0,0,0,0,169,0,0,0,0,0,0,0,0,0,0,171,2,0,0,0,0,0,3448.0,74,0,0,0,1,0,0,0,0,0,,0,0,0,2,0,0,0,0,0,0,0,0,0,0,0,0,0,0,0,0,0,0,0,0.0,959,0,0,0,0,0,0,0,0,0
2020-03-28,0,0,0,0,3,0,0,0,0,2,30,0,0,0,1,0,0,0,0,0,0.0,0,1301,4,0,0,0,1620,0,12,0,0,0,1669,3,0,0,0,0,206,0,0,0,0,0,108,0,19,0,0,0,0,0,0,0,1,0,0,0,0,0,0,32,0,0,0,1044,5,0,0,0,0,0.0,0,0,0,0,0,0,0,0,0,0,0,0,0,0,0,0,0,0,6,0,0,0,28,0,0,0,30,0,0,0,0,0,0,,,0,0,0,0,0,0,0,0,7,0,0,0,0,0,0,6,3,0,0,0,0,0,0,0,72,0,1,0,3,281,0,0,1012,2,0,0,0,0,0,0,0,0,0,10,0,0,0,1,28,0,0,13,0,0,0,0,0,0,0,0,0,0,0,0,1,0,0,0,0,0,0,340,0,0,0,0,0,0,0,0,0,0,1,0,0,0,3,2,0,0,0,49,0,0,16,0,0,0,0,0,0,0,0,0,0,0,0,0,0,0,7,0,0,0,0,0,0,0,0,0,0,0,0,0,0,0,0,8,0,0,0,1372,0,0,0,0,0,4,0,0,0,0,0,0,0,0,0,0,14,5,4,0,12,0,0,2,0,0,0,0,0,0,0,2,0,241,0,65,17,2,0,0,2,0,0,45,0,0,0,0,0,35,0,0,0,0,127,103,0,0,0,0,0,1,1,0,1,0,1,0,0,0,0,0,0,0,0,0,229,0,0,0,0,0,0,0,0,0,0,183,0,0,0,0,0,0,3160.0,42,3,0,0,1,0,0,0,0,0,,0,0,0,2,0,0,0,8,0,0,0,0,0,0,2,0,0,0,0,0,0,0,0,0.0,1341,0,0,0,0,0,0,0,2,0
2020-03-29,9,0,0,0,3,0,0,0,0,0,29,0,0,0,1,0,0,0,0,0,0.0,0,805,2,0,0,0,13,0,27,0,0,0,1731,1,0,0,0,0,199,0,0,0,0,0,76,0,15,1,0,0,0,0,0,0,1,0,0,1,0,0,0,34,0,0,0,669,7,0,0,0,0,0.0,0,0,0,0,0,0,0,0,0,0,0,0,0,0,0,0,0,0,7,0,0,0,3,0,0,0,29,0,0,0,0,0,0,,,0,0,0,0,0,0,0,0,2,0,0,0,0,0,0,1,1,0,0,0,0,0,0,0,81,0,1,3,2,1,0,1,411,1,0,0,0,0,0,0,0,0,0,13,0,0,0,0,3,0,0,19,0,0,0,0,0,0,0,0,0,0,0,0,0,0,0,0,0,0,0,300,0,0,0,0,0,0,0,0,0,0,2,0,0,0,5,3,0,0,0,40,0,0,26,0,0,0,0,0,0,0,0,0,0,0,0,0,0,0,11,0,0,0,0,0,0,0,0,0,0,0,0,0,0,0,0,13,0,0,0,793,0,0,0,0,0,2,0,0,0,0,0,0,0,0,0,0,15,0,1,0,5,0,0,3,0,0,0,0,0,0,0,0,0,184,0,42,23,29,0,0,4,0,0,10,0,0,0,0,0,10,0,0,0,134,185,90,0,0,0,0,0,203,0,1,5,0,1,0,0,0,0,0,0,1,0,0,100,0,0,0,0,0,0,0,0,0,0,45,2,0,0,0,0,0,3732.0,113,2,0,0,0,0,0,0,0,0,,0,0,0,0,0,0,0,12,0,0,0,0,0,0,0,0,0,0,0,0,1,0,0,0.0,823,0,0,0,13,0,1,0,28,0
2020-03-30,8,0,0,0,0,0,0,0,0,4,11,0,0,0,1,0,0,0,0,0,0.0,0,471,0,0,0,0,1149,0,22,0,0,0,1108,2,0,0,0,0,104,0,0,0,0,0,40,0,11,0,0,0,0,0,0,0,0,0,0,0,0,0,0,24,0,0,0,394,5,0,0,0,0,0.0,0,0,0,0,0,0,0,0,0,0,0,0,0,0,0,0,0,0,12,0,0,0,0,0,0,0,23,0,0,0,0,0,0,,,0,0,0,0,0,0,0,0,3,0,0,0,0,0,0,1,1,0,0,0,0,0,5,0,207,0,1,6,3,486,0,4,349,2,0,0,0,0,0,0,0,0,0,5,0,0,0,0,0,0,0,11,0,0,1,0,0,0,0,0,0,0,0,0,0,0,0,0,0,0,0,282,0,0,0,0,0,0,0,0,0,0,7,0,0,0,8,2,0,0,0,8,0,0,30,0,0,0,0,0,0,0,0,0,0,0,0,0,0,0,0,0,0,0,0,0,0,0,0,0,0,0,0,0,0,0,1,0,0,0,0,778,0,0,0,0,0,0,0,0,0,0,0,0,0,0,0,0,7,1,3,0,5,0,0,2,0,0,0,0,0,0,0,0,0,188,0,57,9,15,0,0,0,0,0,146,0,0,0,0,0,3,0,0,0,0,178,44,0,0,0,0,3,2,1,0,6,0,3,0,0,0,0,0,0,0,0,0,53,0,0,0,0,0,0,0,0,0,0,66,1,0,0,0,0,0,3939.0,22,2,0,0,1,0,0,0,0,0,,0,0,0,0,0,0,0,0,0,0,0,0,0,0,0,0,0,0,0,0,0,0,0,0.0,471,0,0,0,0,0,1,0,1,0
2020-03-31,0,0,0,0,1,0,0,0,0,2,24,0,0,0,4,0,0,0,0,0,0.0,0,1866,0,0,0,0,1391,0,37,0,0,0,821,6,0,0,0,0,111,0,0,0,0,0,37,0,8,0,0,0,0,0,0,0,0,0,0,0,0,0,0,18,0,0,0,1746,2,0,0,0,0,0.0,0,0,0,0,0,0,0,0,0,0,0,0,0,0,0,0,0,0,12,0,0,0,0,0,0,0,20,0,0,0,0,0,0,,,1,0,0,0,0,0,0,0,4,0,0,0,0,0,0,3,2,0,0,0,0,0,0,0,138,0,4,6,5,192,0,2,1693,1,0,0,0,0,0,0,0,2,0,0,0,0,0,0,0,0,0,93,2,1,1,0,0,0,0,0,0,0,0,0,0,0,0,0,0,0,0,331,0,0,0,0,0,0,0,0,0,0,8,0,0,0,4,7,0,0,0,10,0,0,14,0,0,0,0,0,0,0,0,0,0,0,0,0,0,0,0,0,0,0,0,0,0,0,0,0,0,0,0,0,0,0,0,0,0,0,0,1047,0,0,0,0,0,0,0,0,0,0,0,0,0,0,0,0,24,2,11,0,9,0,0,2,0,0,0,0,0,0,0,0,0,142,0,51,5,33,0,2,0,0,0,76,0,0,0,0,0,22,0,0,0,88,87,71,0,0,3,0,2,1,0,1,6,0,4,0,0,0,0,0,0,0,0,0,20,0,0,0,0,0,0,0,0,0,0,822,1,0,0,0,0,0,3194.0,65,1,0,0,1,0,0,0,0,0,,0,0,0,0,0,0,0,0,0,0,0,0,0,0,0,0,0,0,0,0,0,0,1,0.0,1866,0,0,0,79,0,0,0,2,0
2020-04-01,1,0,0,0,0,0,0,0,0,1,25,0,0,0,9,0,0,0,0,0,0.0,0,1982,0,0,0,0,1076,0,33,0,0,0,1687,6,0,0,0,0,179,0,0,0,0,0,83,0,17,0,0,0,0,0,0,0,0,0,0,0,0,0,0,54,0,0,0,1885,1,0,0,0,0,0.0,0,0,0,0,0,0,0,0,0,0,0,0,0,0,0,0,0,0,12,0,0,0,0,0,0,0,23,0,0,0,0,0,0,,,2,0,0,1,0,0,0,0,6,0,0,0,0,0,0,6,4,0,0,0,0,0,0,0,120,0,1,7,11,162,0,3,1807,1,0,0,0,0,0,0,0,1,0,0,0,0,0,0,0,0,0,89,3,3,0,0,0,0,0,0,0,0,0,0,0,0,0,0,0,0,0,319,0,0,0,0,0,0,0,0,0,0,21,0,0,0,3,2,0,0,0,40,0,0,39,0,0,0,0,0,0,0,0,0,0,0,0,0,0,0,0,0,0,0,0,0,0,0,0,0,0,0,0,0,0,0,0,0,0,0,0,1126,0,0,0,0,0,0,0,0,0,0,0,0,0,0,0,0,45,3,8,0,8,0,0,0,0,0,0,0,0,0,0,0,0,173,0,124,10,32,0,1,6,0,0,47,0,0,0,0,0,16,0,0,0,70,152,126,0,0,1,0,0,2,1,1,13,0,2,0,0,0,0,0,0,0,0,0,1,0,0,0,0,0,0,0,0,0,0,642,2,0,0,0,0,0,2855.0,76,2,0,0,1,0,0,0,0,0,,0,0,0,0,0,0,0,0,0,0,0,0,0,0,0,0,0,0,0,0,0,0,0,0.0,1982,0,1,0,88,0,1,0,1,0
2020-04-02,0,0,0,0,0,0,0,0,0,0,29,0,0,0,11,0,0,0,0,0,0.0,0,2160,0,0,0,0,1252,0,21,0,0,0,1999,1,0,0,0,0,216,0,0,0,0,0,114,0,16,0,0,0,0,0,0,0,0,0,0,0,0,0,0,106,0,0,0,2046,5,0,0,0,0,0.0,0,0,0,0,0,0,0,0,0,0,0,0,0,0,0,0,0,0,24,0,0,0,0,0,0,0,15,0,0,0,0,0,0,,,3,0,0,0,0,0,0,0,2,0,0,0,0,0,0,6,1,0,0,0,2,0,1,0,95,0,1,12,15,262,0,1,1933,2,0,0,0,0,0,0,0,2,0,0,0,0,0,0,0,0,0,105,9,5,0,0,0,0,0,0,0,0,0,0,0,1,0,0,0,0,0,313,0,0,0,0,0,0,0,0,0,0,19,0,0,0,2,9,0,0,0,32,0,0,56,0,0,0,0,0,0,0,0,0,0,0,0,0,0,0,0,0,0,0,0,0,0,0,0,0,0,0,0,0,0,0,0,0,0,0,0,1076,0,0,0,0,0,0,0,0,0,0,0,0,0,0,0,0,28,1,6,0,11,0,0,1,0,0,0,0,0,0,0,0,0,233,0,160,13,28,0,1,4,0,0,191,0,0,0,0,0,12,0,0,0,54,149,89,0,0,3,0,4,4,4,1,14,0,3,0,0,0,0,0,0,0,0,0,1,0,0,0,0,0,0,0,0,0,0,525,2,0,0,0,0,1,3254.0,65,1,0,0,0,0,0,0,0,0,,0,0,0,1,0,0,0,0,0,0,0,0,0,0,0,0,0,0,0,0,0,0,0,0.0,2160,0,4,0,99,0,0,0,4,0
2020-04-03,3,0,0,0,4,0,0,0,0,8,31,0,0,0,12,0,0,0,0,0,0.0,0,2096,0,0,0,0,1397,0,15,0,0,0,1741,5,0,0,0,0,232,0,0,0,0,0,80,0,14,0,0,0,0,0,0,0,0,0,0,0,0,0,0,77,0,0,0,2011,9,0,0,0,0,0.0,0,0,0,0,0,0,0,0,0,0,0,0,0,0,0,0,0,0,19,0,0,0,1,0,0,0,32,0,0,0,1,0,0,,,2,0,0,0,0,0,0,0,15,0,0,0,0,0,0,22,2,0,0,0,1,0,0,0,190,0,9,20,19,286,0,1,1843,3,0,0,0,0,0,0,0,2,0,0,0,0,0,0,0,0,0,77,13,12,1,0,0,0,0,0,0,0,0,0,0,1,0,0,0,0,0,386,0,0,0,0,0,1,0,0,0,0,10,0,0,0,7,8,0,0,0,30,0,0,27,0,0,0,0,0,0,0,0,0,0,0,0,0,0,0,0,0,0,0,0,0,0,0,0,0,0,0,0,0,0,0,0,0,0,0,0,1179,0,0,0,0,0,0,0,0,0,0,0,0,0,0,0,0,49,8,4,0,30,0,0,2,0,0,0,0,0,0,0,0,0,230,0,82,71,62,0,0,4,0,0,59,0,0,0,0,0,34,0,0,0,32,153,108,0,0,2,0,4,5,2,1,11,0,5,0,0,0,0,0,0,0,0,0,1,0,0,0,0,0,0,0,0,0,0,542,0,0,0,0,0,0,1599.0,57,3,0,0,0,0,0,0,0,0,,0,0,0,0,0,0,0,0,0,0,0,0,0,0,0,0,0,0,0,0,0,0,0,0.0,2097,0,1,0,70,0,3,0,5,0
2020-04-04,0,0,1,0,1,0,0,0,0,9,51,0,0,0,16,0,0,0,0,0,0.0,0,2730,0,0,0,0,955,0,50,0,0,0,1671,3,0,0,0,0,269,0,0,0,0,0,136,0,13,1,0,0,0,0,0,0,0,0,0,1,0,0,0,103,0,0,0,2634,6,0,0,0,0,0.0,0,0,0,0,0,0,0,0,0,0,0,0,0,0,1,0,0,0,14,0,0,0,0,0,0,0,52,0,0,0,0,0,0,,,4,0,0,0,0,0,0,0,15,0,0,0,0,0,0,33,9,0,0,0,3,0,4,0,101,0,8,7,28,286,0,0,2420,13,0,0,0,0,0,0,0,3,0,0,0,0,0,0,0,0,0,84,11,13,2,0,0,0,0,0,0,0,0,0,0,2,0,0,0,0,0,490,0,0,0,0,0,2,0,0,0,0,7,0,0,0,2,12,0,0,0,33,0,0,33,0,0,0,0,0,0,0,0,0,0,0,0,0,0,0,0,0,0,0,0,0,0,0,0,0,0,0,0,0,0,0,3,1,0,0,0,1279,0,0,0,0,0,0,0,0,0,0,0,0,0,0,0,0,94,3,30,0,40,0,0,1,0,0,0,0,0,0,0,0,0,142,0,172,36,14,0,1,7,0,0,186,0,0,0,0,0,53,0,0,0,60,255,116,0,0,2,0,2,9,8,1,7,0,9,0,0,0,0,0,0,0,0,0,0,0,0,0,0,0,0,0,0,0,0,418,0,0,0,0,0,1,1992.0,90,1,0,0,2,0,0,0,0,0,,0,0,0,0,0,0,0,0,0,0,0,0,0,0,0,0,0,0,0,0,0,0,0,0.0,2732,0,5,0,67,0,6,0,7,0
2020-04-05,2,0,0,0,5,0,0,0,0,1,106,0,0,0,24,0,0,0,0,0,0.0,0,4058,0,0,0,0,1600,0,69,0,0,0,1938,6,0,0,0,0,142,0,0,0,0,0,94,0,40,0,0,0,0,0,0,0,0,0,0,0,0,0,0,93,0,0,0,4040,7,0,0,0,0,0.0,0,0,0,0,0,0,0,0,0,0,0,0,0,0,0,0,0,0,13,0,0,0,0,0,0,0,14,0,0,0,0,0,0,,,2,0,0,3,0,0,0,0,12,0,0,0,0,0,0,20,4,0,0,0,5,0,1,0,248,0,18,23,15,296,0,5,3780,20,0,0,0,0,0,0,0,4,0,0,0,0,0,0,0,0,0,5,23,28,2,0,0,0,0,0,0,0,0,0,0,1,0,0,0,0,0,141,0,0,0,0,0,0,0,0,0,0,8,0,0,0,3,4,0,0,0,22,0,0,68,0,0,0,0,0,0,0,0,0,0,0,0,0,0,0,0,0,0,0,0,0,0,0,0,0,0,0,0,0,0,0,3,1,0,0,0,850,0,0,0,0,0,0,0,0,0,0,0,0,0,0,0,0,43,2,6,0,25,0,0,1,0,0,0,0,0,0,0,0,0,159,0,148,30,8,0,1,5,0,0,93,0,0,0,0,0,23,0,0,0,23,150,72,0,0,5,0,1,14,3,0,12,0,8,0,0,0,0,0,0,0,0,0,0,0,0,0,0,0,0,0,0,0,0,154,0,0,0,0,1,0,1726.0,68,3,0,0,3,0,0,0,0,0,,0,0,0,0,0,0,0,1,0,0,0,0,0,0,0,0,0,0,0,0,0,0,0,,4059,0,2,0,0,0,6,0,10,0
2020-04-06,2,0,0,0,3,0,0,0,0,5,115,0,0,0,21,0,0,0,0,0,0.0,0,15185,0,0,0,0,781,0,30,0,0,0,1128,14,0,0,0,0,57,0,0,0,0,0,40,0,3,0,0,0,0,0,0,0,1,0,0,0,0,0,0,190,0,0,0,15137,16,0,0,0,0,0.0,0,0,0,0,0,0,0,0,0,0,0,0,0,0,0,0,0,0,28,0,0,0,1,0,0,0,5,0,0,0,0,0,0,,,7,0,0,1,0,0,0,0,4,0,0,0,0,0,0,22,0,0,0,0,2,0,0,0,48,0,14,17,34,99,0,1,14840,22,0,0,0,0,0,0,0,1,0,0,0,0,0,0,0,0,0,45,27,28,1,0,0,0,0,0,0,0,0,0,0,0,0,0,0,0,0,248,0,0,0,0,0,1,0,0,0,0,37,0,0,0,1,16,0,0,0,5,0,0,27,0,0,0,0,0,0,0,0,0,0,0,0,0,0,0,0,0,0,0,0,0,0,0,0,0,0,0,0,0,0,0,6,1,0,0,0,649,0,0,0,0,0,0,0,0,0,0,0,0,0,0,0,0,20,1,16,0,22,0,0,0,0,0,0,0,0,0,0,0,0,219,0,67,4,63,0,2,0,0,0,125,0,0,0,0,0,22,0,0,0,37,162,40,0,0,0,0,4,12,4,2,15,0,0,0,0,0,0,0,0,0,0,0,0,0,0,0,0,0,0,0,0,0,0,246,0,0,0,0,0,0,1584.0,36,7,0,0,0,0,0,0,0,0,,0,1,0,0,0,0,0,1,0,0,0,0,0,0,0,1,0,0,0,0,0,0,0,,15187,0,4,0,44,0,2,0,14,0
2020-04-07,0,0,0,0,1,0,0,0,0,14,104,0,0,0,29,0,0,0,0,0,0.0,0,2074,0,0,0,0,746,0,25,0,0,0,1189,10,0,0,0,0,175,0,0,0,0,0,39,0,2,0,0,0,0,0,0,0,0,0,0,0,0,0,0,38,0,0,0,2027,20,0,0,0,0,0.0,0,0,0,0,0,0,0,0,0,0,0,0,0,0,0,0,0,0,15,0,0,0,2,0,0,0,19,0,0,0,0,0,0,,,5,0,0,0,0,2,0,0,14,0,0,0,0,0,0,42,7,0,0,0,15,0,15,0,66,0,12,18,30,163,0,1,1638,34,0,0,0,0,0,0,0,2,0,0,0,0,0,0,0,0,0,40,28,40,2,0,0,0,0,0,0,0,0,0,0,5,0,0,0,0,0,240,0,0,0,0,0,0,0,0,0,0,39,0,0,0,14,2,0,0,0,3,0,0,34,0,0,0,0,0,0,0,0,0,0,0,0,0,0,0,0,0,0,0,0,0,0,0,0,0,0,0,0,0,0,0,5,0,0,0,0,836,0,0,0,0,0,0,0,0,0,0,0,0,0,0,0,0,45,1,36,0,129,0,0,5,0,0,0,0,0,0,0,0,0,110,0,227,8,27,0,4,0,0,0,49,0,0,0,0,0,38,0,0,0,31,94,59,0,0,4,0,6,10,8,2,19,0,5,0,0,0,0,0,0,0,0,0,0,0,0,0,0,0,0,0,0,0,0,816,0,0,0,0,0,1,1679.0,32,6,0,0,2,0,0,0,0,0,,0,0,0,0,0,0,0,0,0,0,0,0,0,0,0,0,0,0,0,0,0,0,0,,2076,0,4,0,39,0,1,0,14,0
2020-04-08,4,0,0,0,5,0,0,0,0,59,168,0,0,0,30,0,0,0,0,0,0.0,0,2483,0,0,0,0,539,0,41,0,0,0,1401,5,0,0,0,0,183,0,0,0,0,0,88,0,25,0,0,0,0,0,0,0,1,0,0,0,0,0,0,240,0,0,0,2463,16,0,0,0,0,0.0,0,0,0,0,0,0,0,0,0,0,0,0,0,0,0,0,0,0,18,0,0,0,0,0,0,0,17,0,0,0,0,0,0,,,6,0,0,3,0,0,0,0,25,0,0,0,0,0,0,18,5,0,0,0,9,0,4,0,106,0,21,29,32,128,0,13,2097,33,0,0,0,0,0,0,0,0,0,0,0,0,0,0,0,0,0,2,23,33,1,0,0,0,0,0,0,0,0,0,0,3,0,0,0,0,0,185,0,0,0,0,0,0,0,0,0,0,58,0,0,0,5,12,0,0,0,24,0,0,55,0,0,0,0,0,0,0,0,0,0,0,0,0,0,0,0,0,0,0,0,0,0,0,0,0,0,0,0,0,0,0,4,1,0,0,0,709,0,0,0,0,0,0,0,0,0,0,0,0,0,0,0,0,36,5,29,0,49,0,0,3,0,0,0,0,0,0,0,0,0,156,0,250,7,47,0,0,7,0,0,105,0,0,0,0,0,40,0,0,0,33,147,97,0,0,0,0,6,21,4,3,12,0,2,0,0,0,0,0,0,0,0,0,1,0,0,0,0,0,0,0,0,0,0,1026,0,0,0,0,0,0,775.0,77,10,0,0,4,0,0,0,0,0,,0,0,0,1,0,0,0,1,0,0,0,0,0,0,0,1,0,0,0,0,0,0,0,,2484,0,6,0,0,0,4,0,25,0
2020-04-09,8,0,0,0,0,0,0,0,0,21,95,0,0,0,51,0,0,0,0,0,0.0,0,3041,0,0,0,0,923,0,62,0,0,0,1263,11,0,0,0,0,174,0,0,0,0,0,106,0,21,0,0,0,0,0,0,0,0,0,0,0,0,0,0,134,0,0,0,2965,23,0,0,0,0,0.0,0,0,0,0,0,0,0,0,0,0,0,0,0,0,0,0,0,0,46,0,0,0,6,0,0,0,18,0,0,0,0,0,0,,,11,0,0,4,0,0,0,0,21,0,0,0,0,0,0,28,15,0,0,0,10,0,8,0,155,0,12,24,40,277,0,7,2531,41,0,0,0,0,0,0,0,4,0,0,0,0,0,0,0,0,0,65,24,31,2,0,0,0,0,0,0,0,0,0,0,2,0,0,0,0,0,419,0,0,0,0,0,1,0,0,0,0,43,0,0,0,4,18,0,0,0,17,0,0,41,0,0,0,0,0,0,0,0,0,0,0,0,0,0,0,0,0,0,0,0,0,0,0,0,0,0,0,0,0,0,0,4,0,0,0,0,1032,0,0,0,0,0,0,0,0,0,0,0,0,0,0,0,0,70,14,1,0,154,0,0,7,0,0,0,0,0,0,0,0,0,188,0,278,0,63,0,10,3,0,0,56,0,0,0,0,0,44,0,0,0,55,117,105,0,0,3,0,5,22,6,4,19,0,3,0,0,0,0,0,0,0,0,0,0,0,1,0,0,0,0,0,0,0,0,772,0,0,0,0,0,0,662.0,66,4,0,0,0,0,0,0,0,0,,0,5,0,0,0,0,0,0,0,0,0,0,0,0,0,0,0,0,0,0,0,0,0,,3047,0,4,0,65,0,8,0,17,0
2020-04-10,8,0,0,0,8,0,0,0,0,38,82,0,0,0,46,0,0,0,0,0,0.0,0,2644,0,0,0,0,830,0,45,0,0,0,1536,11,0,0,0,0,147,0,0,0,0,0,113,0,9,0,0,0,0,0,0,0,0,0,0,0,0,0,0,53,0,0,0,2621,22,0,0,0,0,0.0,0,0,0,0,0,0,0,0,0,0,0,0,0,0,0,0,0,0,27,0,0,0,0,0,0,0,28,0,0,0,0,0,0,,,11,0,0,8,0,0,0,0,12,0,0,0,0,0,0,36,12,0,0,0,10,0,6,0,231,0,11,12,52,452,0,3,2147,35,0,0,0,0,0,0,0,2,0,0,0,0,0,0,0,0,0,7,29,42,9,0,0,0,0,0,0,0,0,0,0,3,0,0,0,0,0,310,0,0,0,0,0,1,0,0,0,0,20,0,0,0,8,4,0,0,0,14,0,0,43,0,0,0,0,0,0,0,0,0,0,0,0,0,0,0,0,0,0,0,0,0,0,0,0,0,0,0,0,0,0,0,0,0,0,0,0,1067,0,0,0,0,0,0,0,0,0,0,0,0,0,0,0,0,34,24,2,0,129,0,0,2,0,0,0,0,0,0,0,0,0,104,0,248,2,18,0,4,11,0,0,161,0,0,0,0,0,192,0,0,0,46,141,97,0,0,3,0,13,28,7,11,23,0,7,0,0,0,0,0,0,0,0,0,3,0,0,0,0,0,0,0,0,0,0,736,1,0,0,0,0,0,476.0,65,2,0,0,0,0,0,0,0,0,,0,0,0,0,0,0,0,0,0,0,0,0,0,0,0,1,0,0,0,0,0,0,0,,2644,0,3,0,6,0,3,0,27,0
2020-04-11,2,0,0,0,3,0,0,0,0,27,69,0,0,0,68,0,0,0,0,0,0.0,0,3442,0,0,0,0,1184,0,31,0,0,0,1090,18,0,0,0,0,109,0,0,0,0,0,73,0,15,0,0,0,0,0,0,0,0,0,0,0,0,0,0,104,0,0,0,3422,13,0,0,0,0,0.0,0,0,0,0,0,0,0,0,0,0,0,0,0,0,0,0,0,0,49,0,0,0,6,0,0,0,24,0,0,0,5,0,0,,,15,0,0,4,0,1,0,0,18,0,0,0,0,0,0,77,11,0,0,0,12,0,9,0,112,0,23,18,67,114,0,2,2841,31,0,0,0,0,0,0,0,2,0,0,0,0,0,0,0,0,0,3,31,37,4,0,0,0,0,0,0,0,0,0,0,8,0,0,0,0,0,229,0,0,0,0,0,1,0,0,0,0,51,0,0,0,3,9,0,0,0,15,0,0,52,0,0,0,0,0,0,0,0,0,0,0,0,0,0,0,0,0,0,0,0,0,0,0,0,0,0,0,0,0,0,0,2,0,0,0,0,616,0,0,0,0,0,0,0,0,0,0,0,0,0,0,0,0,33,6,47,0,132,0,0,1,0,0,0,0,0,0,0,0,0,182,0,143,26,4,0,1,12,0,0,162,0,0,0,0,0,39,0,0,0,14,163,36,0,0,0,0,11,30,9,8,19,0,3,0,0,0,0,0,0,0,0,0,0,0,0,0,0,0,0,0,0,0,0,203,1,0,0,0,0,7,227.0,19,7,0,0,0,0,0,0,0,0,,0,0,0,2,0,0,0,0,0,0,0,0,0,0,0,1,0,0,0,0,0,0,0,,3448,0,3,0,3,0,2,0,42,0
2020-04-12,5,0,0,0,0,0,0,0,0,37,156,0,0,0,74,0,0,0,0,0,0.0,0,3164,1,0,0,0,461,0,38,0,0,0,829,23,0,0,0,0,109,0,0,0,0,0,93,0,11,2,0,0,0,0,0,0,0,0,0,2,0,0,0,94,0,0,0,3102,15,0,0,0,0,0.0,0,0,0,0,0,0,0,0,0,0,0,0,0,0,0,0,0,0,34,0,0,0,3,0,0,0,35,0,0,0,0,0,0,,,9,0,0,5,0,1,0,0,20,0,0,0,0,0,0,48,4,0,0,0,6,0,9,0,79,0,15,50,63,51,0,2,2447,61,0,0,0,0,0,0,0,4,0,0,0,0,0,0,1,0,0,51,35,61,6,0,0,0,0,0,0,0,0,0,0,4,0,0,0,0,0,259,0,0,0,0,0,1,0,0,0,0,54,0,0,0,1,2,0,0,0,4,0,0,56,0,0,0,0,0,0,0,0,0,0,0,0,0,0,0,0,0,0,0,0,0,0,0,0,0,0,0,0,0,0,0,3,2,0,0,0,623,0,0,0,0,0,1,0,0,0,0,0,0,0,0,0,0,62,16,29,0,144,0,0,3,0,0,0,0,0,0,0,1,0,112,0,248,13,13,0,2,4,0,0,42,0,0,0,0,0,36,0,0,0,31,35,53,0,0,2,0,11,39,20,6,23,0,2,0,0,0,0,0,0,0,0,0,1,0,0,0,0,0,0,0,0,0,0,336,3,0,0,0,0,0,99.0,29,3,0,0,2,0,0,0,0,0,,0,1,0,0,0,0,0,0,0,0,0,0,0,0,0,2,0,0,0,0,0,0,0,,3160,0,3,0,61,0,3,0,52,0
2020-04-13,13,0,0,0,2,0,0,0,0,12,69,0,0,0,61,0,0,0,0,0,0.0,0,3719,1,0,0,0,492,0,50,0,0,0,733,21,0,0,0,0,34,0,0,0,0,0,23,0,6,1,0,0,0,0,0,0,0,0,0,1,0,0,0,124,0,0,0,3700,24,0,0,0,0,0.0,0,0,0,0,0,0,0,0,0,0,0,0,0,0,0,0,0,0,47,0,0,0,0,0,0,0,24,0,0,0,0,0,0,,,10,0,0,5,0,0,0,0,4,0,0,0,0,0,0,75,18,0,0,0,7,0,15,0,28,0,21,37,87,255,0,4,2987,50,0,0,0,0,0,0,0,4,0,0,0,0,0,0,0,0,0,2,32,52,5,0,0,0,0,0,0,0,0,0,0,10,0,0,0,0,0,121,0,0,0,0,0,2,0,0,0,0,47,0,0,0,12,11,0,0,0,13,0,0,9,0,0,0,0,0,0,0,0,0,0,0,0,0,0,0,0,0,0,0,0,0,0,0,0,0,0,0,0,0,0,0,6,2,0,0,0,616,0,0,0,0,0,1,0,0,0,0,0,0,0,0,0,0,18,10,24,0,194,0,0,6,0,0,0,0,0,1,0,1,0,76,0,376,37,11,0,7,4,0,0,21,0,0,0,0,0,9,0,0,0,27,55,16,0,0,0,0,8,40,14,9,20,0,4,0,0,0,0,0,0,0,0,0,5,0,0,0,0,0,0,0,0,0,0,140,2,0,0,0,0,0,223.0,21,9,0,0,1,0,0,0,0,0,,0,0,0,0,0,0,0,1,0,0,0,0,0,0,0,0,0,0,0,0,0,0,0,,3732,0,4,0,0,0,9,0,59,0
2020-04-14,9,0,0,0,22,0,0,0,0,65,209,0,0,0,50,0,0,0,0,0,0.0,0,3935,1,0,0,0,470,0,36,0,0,0,554,25,0,1,0,0,67,0,0,0,0,0,36,0,6,0,0,0,0,0,0,0,2,0,0,0,0,0,0,205,0,0,0,3902,32,0,0,0,0,0.0,0,0,0,0,0,0,0,0,0,0,0,0,0,0,0,0,0,0,33,0,0,0,1,0,0,0,13,0,0,0,0,0,0,,,11,0,0,2,0,0,0,0,51,0,0,0,0,0,0,82,11,0,0,0,8,0,11,0,38,0,10,35,89,69,0,1,3156,68,0,0,0,0,0,0,0,7,0,0,0,0,0,0,0,0,0,13,33,72,12,0,0,0,0,0,0,0,0,0,0,4,0,0,0,0,0,162,0,0,0,0,0,2,0,0,0,0,33,0,0,0,2,4,0,0,0,1,0,0,69,0,0,0,0,0,0,0,0,0,0,0,0,0,0,0,0,0,0,0,0,0,0,0,0,0,0,0,0,0,0,0,0,2,0,0,0,417,0,0,0,0,0,1,0,0,0,0,0,0,0,0,0,0,35,25,53,0,130,0,1,8,0,0,0,0,0,2,0,1,0,70,0,179,37,36,0,22,30,0,0,33,0,0,0,0,0,49,0,0,0,14,96,30,0,0,1,0,23,32,24,7,19,0,6,0,0,0,0,0,0,0,0,0,3,0,0,0,0,0,0,0,0,0,0,476,1,0,0,0,0,6,0.0,19,3,0,0,0,0,0,0,0,0,,0,0,0,0,0,0,0,2,0,0,0,0,0,0,0,0,0,0,0,0,0,0,0,,3939,0,3,0,0,0,5,0,66,0
2020-04-15,2,0,0,0,10,0,0,0,0,27,70,0,0,0,72,0,0,0,0,0,0.0,0,3192,0,0,0,0,398,0,48,0,0,0,725,16,0,0,0,0,54,0,0,0,0,0,34,0,8,0,0,0,0,0,0,0,0,0,0,0,0,0,0,152,0,0,0,3181,32,0,0,0,0,0.0,0,0,0,0,0,0,0,0,0,0,0,0,0,0,0,0,0,0,94,0,0,0,2,0,0,0,31,0,0,0,0,0,0,,,15,0,0,4,0,2,0,0,20,0,0,0,0,0,0,88,12,0,0,0,10,0,9,0,61,0,13,34,109,164,0,2,2345,72,0,0,0,0,1,0,0,1,0,0,0,0,0,0,0,0,0,0,37,85,11,0,0,0,0,0,0,0,0,0,0,4,0,0,0,0,0,134,0,2,0,0,0,2,0,0,0,0,152,0,0,0,6,13,0,0,0,5,0,0,19,0,0,0,0,0,0,0,0,0,0,0,0,0,0,0,0,0,0,0,0,0,0,0,0,0,0,0,0,0,0,0,3,0,0,0,0,535,0,0,0,0,0,0,0,0,0,0,0,0,0,0,0,0,12,15,61,0,200,0,0,17,0,0,0,0,0,2,0,0,0,124,0,333,23,47,0,5,1,0,0,33,0,0,0,0,0,27,0,0,0,16,68,81,0,0,1,0,14,16,16,8,28,0,0,0,0,0,0,0,0,0,0,0,0,0,0,0,0,0,0,0,0,0,0,1672,0,0,0,0,0,0,,46,10,0,0,0,0,0,0,0,0,,0,0,0,0,0,0,0,0,0,0,0,0,0,0,0,4,0,0,0,0,0,0,0,,3194,0,5,0,0,0,5,0,105,0
2020-04-16,9,0,0,0,7,0,0,0,0,28,165,0,0,0,68,0,0,0,0,0,0.0,0,2852,0,0,0,0,443,0,144,0,0,0,848,21,0,0,0,0,126,0,0,0,0,0,108,0,7,0,0,0,0,0,0,0,1,0,0,0,0,0,0,229,0,0,0,2851,37,0,0,0,0,0.0,0,0,0,0,0,0,0,0,0,0,0,0,0,0,0,0,0,0,197,0,0,0,2,0,0,0,34,0,0,0,0,0,0,,,20,0,0,11,0,2,0,0,14,0,0,0,0,0,0,93,16,0,0,0,8,0,7,0,84,0,9,26,73,123,0,1,2103,58,0,0,0,0,0,0,0,7,0,0,0,0,0,0,0,0,0,0,35,58,8,0,0,0,0,0,0,0,0,0,0,4,0,0,0,0,0,169,0,0,0,0,0,0,0,0,0,0,65,0,0,0,10,5,0,0,0,10,0,0,55,0,0,0,0,0,0,0,0,0,0,0,0,0,0,0,0,0,0,0,0,0,0,0,0,0,0,0,0,0,0,0,3,1,0,0,0,548,0,0,0,0,0,0,0,0,0,0,0,0,0,0,0,0,29,14,54,0,199,0,0,16,0,0,0,0,0,2,0,0,0,83,0,201,1,33,0,7,28,0,0,56,0,0,0,0,0,31,0,0,0,25,136,49,0,0,2,0,12,29,21,10,23,0,0,0,0,0,0,0,0,0,0,0,0,0,0,0,0,0,0,0,0,0,0,525,0,0,0,0,0,0,,51,8,0,0,3,0,0,0,0,0,,0,0,0,0,0,0,0,1,0,0,0,0,0,0,0,0,0,0,0,0,0,0,0,,2855,0,3,0,0,0,15,0,63,0
2020-04-17,25,0,0,0,21,0,0,0,0,8,90,0,0,0,103,0,0,0,0,0,0.0,0,3248,3,0,0,0,662,0,108,0,0,0,885,52,0,0,0,0,97,0,0,0,0,0,62,0,49,0,0,0,0,0,0,0,0,0,0,1,0,0,0,298,0,0,0,3230,37,0,0,0,0,0.0,0,0,0,0,0,0,0,0,0,0,0,0,0,0,0,0,0,0,102,0,0,0,1,0,0,0,30,0,0,0,0,0,0,,,39,0,0,5,0,1,0,0,17,0,0,0,0,0,0,196,23,0,0,0,9,0,6,0,52,0,8,36,141,235,0,1,1921,131,0,0,0,0,1,0,0,7,0,0,0,0,0,0,0,0,0,3,68,93,9,0,0,0,0,0,0,0,0,0,0,9,0,0,0,0,0,254,0,1,0,0,0,0,0,0,0,0,102,0,0,1,12,6,0,0,0,0,0,0,63,0,0,0,0,0,0,0,0,0,0,0,0,0,0,0,0,0,0,0,0,0,0,0,0,0,0,0,0,0,0,0,7,2,0,0,0,647,0,0,0,0,0,3,0,0,0,1,0,0,0,0,0,0,42,30,119,0,323,0,1,11,0,0,0,0,0,3,0,-1,0,124,0,405,63,22,0,16,22,0,0,53,0,0,0,0,0,42,0,0,0,31,93,55,0,0,5,0,29,46,29,9,54,0,2,0,0,0,0,0,0,2,0,0,4,0,0,0,0,0,0,0,0,0,0,1273,0,0,0,0,0,0,,81,16,0,0,2,0,0,0,0,0,,0,0,0,1,0,0,0,1,0,0,0,0,0,0,2,4,0,0,0,0,0,0,0,,3254,0,4,0,0,0,16,0,124,0
2020-04-18,7,0,0,0,22,0,0,0,0,23,88,0,0,0,0,0,0,0,0,0,0.0,0,1587,1,0,0,0,715,0,134,0,0,0,854,18,0,0,0,0,121,0,0,0,0,0,41,0,11,0,0,0,0,0,0,0,1,0,0,0,0,0,0,350,0,0,0,1563,32,0,0,0,0,,0,0,0,0,0,0,0,0,0,0,0,0,0,0,0,0,0,0,96,0,0,0,10,0,0,0,16,0,0,0,1,0,0,,,19,0,0,6,0,3,0,0,43,0,0,0,0,0,0,43,1,0,0,0,14,0,8,0,113,0,14,0,0,211,0,1,1347,0,0,0,0,0,0,0,0,0,0,0,0,0,0,0,0,0,0,6,0,0,0,0,0,0,0,0,0,0,0,0,0,15,0,0,0,0,0,207,0,0,0,0,0,0,0,0,0,0,243,0,0,0,18,9,0,0,0,11,0,0,56,0,0,0,0,0,0,0,0,0,0,0,0,0,0,0,0,0,0,0,0,0,0,0,0,0,0,0,0,0,0,0,0,1,0,0,0,976,0,0,0,0,0,1,0,0,0,0,0,0,0,0,0,0,71,10,83,0,187,0,0,21,0,0,0,0,0,0,0,1,0,113,0,194,53,29,0,18,37,2,0,35,0,0,0,0,0,36,0,0,0,36,92,38,0,0,18,0,0,6,25,8,0,0,6,0,0,0,0,0,0,0,0,0,5,0,1,0,0,0,0,0,1,0,0,1053,1,0,0,0,0,5,,35,0,0,0,2,0,0,0,0,0,,0,2,0,0,0,0,0,1,0,0,0,0,0,0,0,0,0,0,0,0,0,0,0,,1599,0,0,0,0,0,7,0,0,0
2020-04-19,21,0,0,0,27,0,0,0,0,23,147,0,0,0,37,0,0,0,0,0,0.0,0,1988,1,0,0,0,625,0,37,0,0,0,526,10,0,0,0,0,93,0,0,0,0,0,60,0,18,0,0,0,0,0,0,0,0,0,0,0,0,0,0,218,0,0,0,1980,41,0,0,0,0,,0,0,0,0,0,0,0,0,0,0,0,0,0,0,0,0,0,0,147,0,0,0,2,0,0,0,65,0,0,0,0,0,0,,,0,0,0,3,0,0,0,0,15,0,0,0,0,0,0,82,9,0,0,0,3,0,7,0,49,0,17,16,74,192,0,2,1220,55,0,0,0,1,1,0,0,4,0,0,0,0,0,0,2,0,0,0,39,78,0,0,0,0,0,0,0,0,0,0,0,6,0,0,0,0,0,148,0,0,0,0,0,1,0,0,0,0,165,0,0,0,7,3,0,0,0,6,0,0,77,0,0,0,0,0,0,0,0,0,0,0,0,0,0,0,0,0,0,0,0,0,0,0,0,0,0,0,0,0,0,0,9,1,0,0,0,465,0,0,0,0,0,1,0,0,0,0,0,0,0,0,0,0,42,31,45,0,266,0,1,22,0,0,0,0,0,2,0,1,0,108,0,222,15,23,0,18,21,0,0,14,0,0,0,0,0,13,0,0,0,35,50,30,0,0,12,0,31,33,27,4,35,0,0,0,0,0,0,0,0,0,0,0,2,0,0,0,0,0,0,0,0,0,0,373,1,0,0,0,0,0,,39,5,0,0,0,0,0,0,0,0,,0,0,0,0,0,0,0,1,0,0,0,0,0,0,0,0,0,0,0,0,0,0,0,,1992,0,3,0,0,0,21,0,109,0
2020-04-20,13,0,0,0,12,0,0,0,0,17,116,0,0,0,48,0,0,0,0,0,0.0,0,1721,2,0,0,0,370,0,111,0,0,0,442,20,0,0,0,0,37,0,0,0,0,0,17,0,19,0,0,0,0,0,0,0,0,0,0,1,0,0,0,230,0,0,0,1708,18,0,0,0,0,,0,0,0,0,0,0,0,0,0,0,0,0,0,0,0,0,0,0,69,0,0,0,2,0,0,0,45,0,1,0,1,0,0,,,19,0,0,2,0,0,0,0,10,0,0,0,0,0,0,70,20,0,0,0,3,0,0,0,18,0,17,6,72,69,0,2,1032,56,0,0,0,0,0,0,0,0,0,0,0,0,0,0,0,0,0,4,30,53,5,0,0,0,0,0,0,0,0,0,0,3,0,0,0,0,0,103,0,0,0,0,0,0,0,0,0,0,115,0,0,0,3,7,0,0,0,2,0,0,35,0,0,0,0,0,0,0,0,0,0,0,0,0,0,0,0,0,0,0,0,0,0,0,0,0,0,0,0,0,0,0,0,1,0,0,0,500,0,0,0,0,0,2,0,0,0,1,0,0,0,0,0,0,20,9,217,0,231,0,0,13,0,0,0,0,0,0,0,1,0,91,0,134,64,35,0,32,22,0,0,11,0,0,0,0,0,50,0,0,0,19,39,9,0,0,3,0,0,24,21,8,34,0,3,0,0,0,0,0,0,0,0,0,0,0,0,0,0,0,0,0,0,0,0,313,0,0,0,0,0,0,,29,2,1,0,1,0,0,0,0,0,,0,0,0,4,0,0,0,0,0,0,0,0,0,0,1,0,0,0,0,0,0,0,0,,1726,0,1,0,0,0,11,0,132,0
2020-04-21,19,0,0,0,39,0,0,0,0,24,110,0,0,0,46,0,0,0,0,0,0.0,0,1579,0,0,0,0,459,0,148,0,0,0,461,11,0,0,0,0,41,0,0,0,0,0,37,0,5,1,0,0,0,0,0,0,0,0,0,1,0,0,0,234,0,0,0,1561,15,0,0,0,0,,0,0,0,0,0,0,0,0,0,0,0,0,0,0,0,0,0,0,44,0,0,0,4,0,0,0,9,0,0,0,1,0,0,,,23,0,0,5,0,3,0,0,18,0,0,0,0,0,0,90,7,0,0,0,0,0,10,0,19,0,15,7,38,54,0,0,840,121,0,0,0,0,0,0,0,5,0,0,0,0,0,0,0,0,0,3,29,37,3,0,0,0,0,0,0,0,0,0,0,9,0,0,0,0,0,198,0,1,0,0,0,3,0,0,0,0,76,0,0,0,2,0,0,0,0,2,0,0,41,0,0,0,0,0,0,0,0,0,0,0,0,0,0,0,0,0,0,0,0,0,0,0,0,0,0,0,0,0,0,0,5,1,0,0,0,418,0,0,0,0,0,0,0,0,0,0,0,0,0,0,0,0,17,18,124,0,218,0,0,28,0,0,0,0,0,0,0,0,0,38,0,407,13,15,0,39,3,0,0,14,0,0,0,0,0,38,0,0,0,14,24,-12,0,0,6,0,21,34,14,7,18,0,2,0,0,0,0,0,0,0,0,0,0,0,0,0,0,0,0,0,0,0,0,805,3,0,0,0,0,6,,13,2,0,0,3,0,0,0,0,0,,0,0,0,0,0,0,0,0,0,0,0,0,0,0,0,0,0,0,0,0,0,0,0,,1584,0,8,0,0,0,18,0,123,0
2020-04-22,19,0,0,0,33,0,0,0,0,22,209,0,0,0,36,0,0,0,0,0,0.0,0,1677,1,0,0,0,186,0,155,0,0,0,504,12,0,0,0,0,75,0,0,0,0,0,114,0,15,0,0,0,0,0,0,0,0,1,0,0,0,0,0,194,0,0,0,1672,22,0,0,0,0,,0,0,0,0,0,0,0,0,0,0,0,0,0,0,0,0,0,0,101,0,0,0,1,0,0,0,65,0,0,0,0,0,0,,,24,0,0,5,0,1,0,0,17,0,0,0,0,0,0,5,5,0,0,0,2,0,11,0,0,0,15,9,40,149,0,0,1291,0,0,0,0,0,0,0,0,0,0,0,0,0,0,0,0,0,0,0,23,24,0,0,0,0,0,0,0,0,0,0,0,4,0,0,0,0,0,138,0,0,0,0,0,0,0,0,0,0,208,0,0,0,2,2,0,0,0,1,0,0,53,0,0,0,0,0,0,0,0,0,0,0,0,0,0,0,0,0,0,0,0,0,0,0,0,1,0,0,0,0,0,0,3,0,0,0,0,796,0,0,0,0,0,1,0,0,0,0,0,0,0,0,0,0,39,38,169,0,390,0,0,20,0,0,0,0,0,2,0,0,0,32,0,246,38,19,0,24,33,0,0,39,0,0,0,0,0,28,0,0,0,12,20,82,0,0,25,0,13,24,13,7,21,0,1,0,0,0,0,0,0,0,0,0,1,0,0,1,0,0,0,0,0,0,0,529,1,0,0,0,0,0,,74,9,0,0,0,0,0,0,0,0,,0,0,0,0,0,0,0,0,0,0,0,0,0,0,0,0,0,0,0,0,0,0,0,,1679,0,0,0,0,0,7,0,45,0
2020-04-23,13,0,0,0,81,0,0,0,0,69,409,0,0,0,10,0,0,1,0,0,,0,771,0,0,0,0,545,0,145,0,0,0,581,17,0,0,0,0,12,0,0,0,0,0,58,0,48,0,0,0,0,0,0,0,2,0,0,1,0,0,0,688,0,0,0,758,35,0,0,0,0,,0,0,0,0,0,0,0,0,0,0,0,0,0,0,0,0,0,0,50,0,0,0,0,0,0,0,17,0,0,0,0,0,0,,,17,0,0,7,0,0,0,0,15,0,0,0,0,0,0,48,13,0,0,0,2,0,3,0,82,0,5,6,45,213,0,3,371,31,0,0,0,0,0,0,0,4,0,0,0,0,0,0,0,0,0,2,16,12,2,0,0,0,0,0,0,0,0,0,0,4,0,0,0,0,0,155,0,4,0,0,0,1,0,0,0,0,153,0,0,0,11,38,0,0,0,3,0,0,25,0,0,0,0,0,0,0,0,0,0,0,0,0,0,0,0,0,0,0,0,0,0,0,0,0,0,0,0,0,0,0,0,4,0,0,0,399,0,0,0,0,0,0,0,0,0,1,0,0,0,0,0,0,19,44,72,0,221,0,0,11,0,0,0,0,0,3,0,0,0,50,0,620,62,71,0,27,17,0,0,28,0,0,0,0,0,24,0,0,0,30,54,34,0,0,7,0,7,24,13,4,25,0,1,0,0,0,0,0,0,0,0,0,0,0,0,0,0,0,0,0,0,0,0,826,1,0,0,0,0,1,,60,1,0,0,0,0,0,0,0,0,,0,0,0,0,0,0,0,3,0,0,0,0,0,0,0,0,0,0,0,0,0,0,0,,775,0,1,0,0,0,8,0,24,0
2020-04-24,7,0,0,0,89,0,0,0,0,85,306,0,0,0,21,0,0,0,0,0,,0,662,0,0,0,0,349,0,173,0,0,0,544,15,0,0,0,0,135,0,0,0,0,0,89,0,35,0,0,0,0,0,0,0,0,0,0,0,0,0,0,202,0,0,0,659,18,0,0,0,0,,0,0,0,0,0,0,0,0,0,0,0,0,0,0,0,0,0,0,18,0,0,0,0,0,0,0,26,0,0,0,0,0,0,,,8,0,0,3,0,0,0,0,33,0,0,0,0,0,0,20,10,0,0,0,1,0,2,0,72,0,5,6,51,119,0,0,323,26,0,0,0,0,0,0,0,5,0,0,0,0,0,0,0,0,0,0,13,18,0,0,0,0,0,0,0,0,0,0,0,4,0,0,0,0,0,153,0,0,0,0,0,0,0,0,0,0,194,0,0,0,27,19,0,0,0,2,0,0,111,0,0,0,0,0,0,0,0,0,0,0,0,0,0,0,0,0,0,0,0,0,0,0,0,0,0,0,0,0,0,0,1,0,0,0,0,522,0,0,0,0,0,0,0,0,0,0,0,0,0,0,0,0,37,41,179,0,480,0,0,39,0,0,0,0,0,1,0,0,0,88,0,110,46,67,0,40,7,0,0,50,0,0,0,0,0,55,0,0,0,11,50,27,0,0,20,0,10,18,7,3,16,0,0,0,0,0,0,0,0,0,0,0,1,0,0,0,0,0,0,0,0,0,0,1086,0,0,0,0,0,2,,91,5,0,0,6,0,0,0,0,0,,0,0,0,0,0,0,0,0,0,0,0,0,0,0,0,0,0,0,0,0,0,0,0,,662,0,1,0,0,0,6,0,42,0
2020-04-25,24,0,0,0,88,0,0,0,0,52,441,0,0,0,24,0,0,0,0,0,,0,468,4,0,0,0,377,0,119,0,0,0,608,10,0,0,0,0,66,0,0,0,0,0,91,0,12,0,0,0,0,0,0,0,0,0,0,0,0,0,0,621,0,0,0,455,30,0,0,0,0,,0,0,0,0,0,0,0,0,0,0,0,0,0,0,0,0,0,0,214,0,0,0,3,0,0,0,24,0,0,0,3,0,0,,,5,0,0,2,0,0,0,0,20,0,0,0,0,0,0,25,10,0,0,0,1,0,9,0,42,0,6,5,23,125,0,3,180,19,0,0,0,1,0,0,0,1,0,0,0,0,0,0,0,0,0,0,9,11,1,0,0,0,0,0,0,0,0,0,0,11,0,0,0,0,0,147,0,0,0,0,0,3,0,0,0,0,154,0,0,0,4,7,0,0,0,6,0,0,62,0,0,0,0,0,0,0,0,0,0,0,0,0,0,0,0,1,0,0,0,0,0,0,0,3,0,0,0,0,0,0,2,1,0,0,0,359,0,0,0,0,0,4,0,0,0,0,0,0,0,0,0,0,21,61,133,0,508,0,0,41,0,0,0,0,0,0,0,0,0,36,0,546,27,35,0,38,41,0,0,23,0,0,0,0,0,39,0,0,0,44,29,55,0,0,9,0,2,12,13,5,13,0,2,0,0,0,0,0,0,0,0,0,1,0,0,0,0,0,0,0,0,0,0,2178,2,0,0,0,0,1,,35,3,0,0,7,0,0,0,0,0,,0,0,0,0,0,0,0,1,0,0,0,0,0,0,1,0,0,0,0,0,0,0,0,,476,0,1,0,0,0,3,0,19,0
2020-04-26,21,0,0,0,53,0,0,0,0,113,198,0,0,0,6,0,0,0,0,0,,0,227,0,0,0,0,592,0,128,0,0,0,365,4,0,0,0,0,75,0,0,0,0,0,67,0,20,0,0,0,0,0,0,0,0,0,0,0,0,0,0,412,0,0,0,226,18,0,0,0,0,,0,0,0,0,0,0,0,0,0,0,0,0,0,0,0,0,0,0,108,0,0,0,0,0,0,0,53,0,0,0,0,0,0,,,0,0,0,0,0,0,0,0,67,0,0,0,0,0,0,21,8,0,0,0,0,0,3,0,29,0,1,2,4,109,0,0,105,15,0,0,0,0,0,0,0,1,0,0,0,0,0,0,0,0,0,0,4,0,2,0,0,0,0,0,0,0,0,0,0,1,0,0,0,0,0,94,0,0,0,0,0,0,0,0,0,0,118,0,0,0,17,3,0,0,0,6,0,0,67,0,0,0,0,0,0,0,0,0,0,0,0,0,0,0,0,0,0,0,0,0,0,0,0,0,0,0,0,0,0,0,0,0,0,0,0,204,0,0,0,0,0,0,0,0,0,0,0,0,0,0,0,0,16,52,288,0,391,0,0,34,0,0,0,0,0,0,0,0,0,68,0,283,44,70,0,36,56,0,0,14,0,0,0,0,0,26,0,0,0,14,22,18,0,0,6,0,0,3,4,0,7,0,0,0,0,0,0,0,0,0,0,0,0,0,0,0,0,0,0,0,0,0,0,711,0,0,0,0,0,1,,40,1,0,0,8,0,0,0,0,0,,0,0,0,0,0,0,0,0,0,0,0,0,0,0,0,0,0,0,0,0,0,0,0,,227,0,0,0,0,0,0,0,16,0
2020-04-27,0,0,0,0,89,0,0,0,0,44,95,0,0,0,8,0,0,0,0,0,,0,99,0,0,0,0,282,0,145,0,0,0,158,8,0,0,0,0,38,0,0,0,0,0,27,0,15,0,0,0,0,0,0,0,0,0,0,0,0,0,0,893,0,0,0,90,3,0,0,0,0,,0,0,0,0,0,0,0,0,0,0,0,0,0,0,0,0,0,0,93,0,0,0,0,0,0,0,80,0,0,0,0,0,0,,,4,0,0,2,0,0,0,0,43,0,0,0,0,0,0,6,3,0,0,0,2,0,1,0,46,0,0,2,0,33,0,2,0,5,0,0,0,0,0,0,0,0,0,0,0,0,0,0,0,0,0,0,4,5,1,0,0,0,0,0,0,0,0,0,0,1,0,0,0,0,0,62,0,2,0,0,0,0,0,0,0,0,187,0,0,0,4,7,0,0,0,1,0,0,38,0,0,0,0,0,0,0,0,0,0,0,0,0,0,0,0,0,0,0,0,0,0,0,0,0,0,0,0,0,0,0,0,0,0,0,0,210,0,0,0,0,0,0,0,0,0,0,0,0,0,0,0,0,30,44,261,0,460,0,0,33,0,0,0,0,0,0,0,0,0,44,0,833,7,62,0,29,6,0,0,21,0,0,0,0,0,102,0,0,0,21,30,8,0,0,38,0,3,4,7,0,3,0,1,0,0,0,0,0,0,0,0,0,0,0,0,0,0,0,0,0,0,0,0,981,1,0,0,0,0,1,,22,0,0,0,9,0,0,0,0,0,,0,0,0,0,0,0,0,0,0,0,0,0,0,0,0,2,0,0,0,0,0,0,0,,99,0,2,0,0,0,1,0,17,0
2020-04-28,0,0,0,0,0,0,0,0,0,0,0,0,0,0,1,0,0,0,0,0,,0,223,0,0,0,0,153,0,0,0,0,0,336,4,0,0,0,0,31,0,0,0,0,0,26,0,5,0,0,0,0,0,0,0,0,0,0,0,0,0,0,0,0,0,0,222,1,0,0,0,0,,0,0,0,0,0,0,0,0,0,0,0,0,0,0,0,0,0,0,0,0,0,0,0,0,0,0,0,0,0,0,0,0,0,,,1,0,0,0,0,0,0,0,0,0,0,0,0,0,0,9,2,0,0,0,1,0,4,0,30,0,1,0,4,47,0,0,174,3,0,0,0,0,0,0,0,0,0,0,0,0,0,0,0,0,0,1,1,0,0,0,0,0,0,0,0,0,0,0,0,2,0,0,0,0,0,79,0,0,0,0,0,0,0,0,0,0,0,0,0,0,0,0,0,0,0,1,0,0,0,0,0,0,0,0,0,0,0,0,0,0,0,0,0,0,0,0,0,0,0,0,0,0,0,0,0,0,0,0,0,0,1,0,0,0,0,305,0,0,0,0,0,0,0,0,0,0,0,0,0,0,0,0,0,0,0,0,0,0,0,0,0,0,0,0,0,0,0,0,0,49,0,0,0,0,0,0,0,0,0,6,0,0,0,0,0,0,0,0,0,5,32,15,0,0,0,0,0,1,0,1,3,0,0,0,0,0,0,0,0,0,0,0,0,0,0,0,0,0,0,0,0,0,0,0,0,0,0,0,0,0,,24,2,0,0,0,0,0,0,0,0,,0,0,0,0,0,0,0,0,0,0,0,0,0,0,0,0,0,0,0,0,0,0,0,,223,0,0,0,0,0,0,0,5,0
